着順,馬番,馬名,性齢,負担重量,騎手,推定上り,馬体重（増減）,調教師,人気,降水量(合計),気温(平均),風速(平均),風向(最多)
2019/10/5,1R,,,,,,,,,,,,
1,1,マルガイオーロラテソーロ,牡2,55,大野 拓弥,36.7,484(0),畠山 吉宏,2,0,25.5,1.9,南
2,7,マルガイダブリナーズ,牡2,52,▲岩田 望来,37.7,464(-4),藤原 英昭,4,0,25.5,1.9,南
3,10,ニシノホライゾン,牡2,55,内田 博幸,38.2,494(-6),的場 均,1,0,25.5,1.9,南
4,11,シゲルタイタン,牡2,55,三浦 皇成,37.7,470(-8),伊藤 圭三,5,0,25.5,1.9,南
5,5,ボマライン,牡2,55,石橋 脩,39.5,458(-6),田村 康仁,3,0,25.5,1.9,南
6,6,ディーカラーズ,牡2,53,△木幡 育也,39.1,480(-12),高橋 祥泰,6,0,25.5,1.9,南
7,8,タマサイ,牝2,54,杉原 誠人,38.2,422(-4),尾関 知人,10,0,25.5,1.9,南
8,9,ショウリオウ,牡2,55,菅原 隆一,38.7,440(0),武市 康男,13,0,25.5,1.9,南
9,12,グラスピエーナ,牝2,54,木幡 巧也,38.7,450(-4),田中 清隆,12,0,25.5,1.9,南
10,4,セイカタチバナ,牡2,55,石川 裕紀人,40.2,460(+2),南田 美知雄,8,0,25.5,1.9,南
11,2,キャストロペトラ,牡2,55,吉田 豊,40.4,450(-4),粕谷 昌央,9,0,25.5,1.9,南
12,13,トレンディー,牡2,54,☆野中 悠太郎,39.3,448(-8),小西 一男,11,0,25.5,1.9,南
13,3,ニシノコードブルー,牡2,55,戸崎 圭太,39.7,448(+4),小桧山 悟,7,0,25.5,1.9,南
,,,,,,,,,,,,,
2019/10/5,2R,,,,,,,,,,,,
1,7,ペルラネーラ,牝2,54,戸崎 圭太,33.6,446(-6),国枝 栄,1,0,25.5,1.9,南
2,6,マスターワーク,牝2,54,三浦 皇成,34.1,480(+2),鹿戸 雄一,3,0,25.5,1.9,南
3,3,シェクロエ,牝2,54,M.デムーロ,34.2,432(0),小野 次郎,2,0,25.5,1.9,南
4,4,ウインアステロイド,牡2,55,内田 博幸,34.6,444(0),和田 正一郎,5,0,25.5,1.9,南
5,8,アイルショウユー,牝2,54,大野 拓弥,34.6,428(0),岩戸 孝樹,4,0,25.5,1.9,南
6,1,ベルブション,牡2,55,北村 宏司,34.4,452(-6),青木 孝文,7,0,25.5,1.9,南
7,10,アコルドエール,牡2,55,石川 裕紀人,34.7,482(-2),中川 公成,6,0,25.5,1.9,南
8,11,ジャジャウマ,牝2,51,▲岩田 望来,34.3,420(0),深山 雅史,10,0,25.5,1.9,南
9,2,ジャストワン,牡2,54,☆野中 悠太郎,34.7,492(-10),小西 一男,9,0,25.5,1.9,南
10,9,コスモフラッター,牡2,55,柴田 大知,35,468(-8),金成 貴史,11,0,25.5,1.9,南
11,5,ザビーチ,牝2,54,田中 勝春,35.7,448(-8),高市 圭二,8,0,25.5,1.9,南
,,,,,,,,,,,,,
2019/10/5,3R,,,,,,,,,,,,
1,14,チェーンオブラブ,牝2,54,三浦 皇成,33.7,462(-4),小笠 倫弘,2,0,25.5,1.9,南
2,12,タイキラッシュ,牡2,55,大野 拓弥,33.3,500(+14),高木 登,5,0,25.5,1.9,南
3,10,メルテッドハニー,牝2,51,▲岩田 望来,34.3,396(+8),大江原 哲,6,0,25.5,1.9,南
4,7,ガストロノミスト,牡2,55,石橋 脩,33.8,476(0),小崎 憲,4,0,25.5,1.9,南
5,11,シャチ,牡2,55,吉田 豊,33.8,436(-8),小桧山 悟,9,0,25.5,1.9,南
6,5,ザンセツ,牡2,55,内田 博幸,34,432(0),古賀 慎明,3,0,25.5,1.9,南
7,4,コスモカンツォーネ,牡2,55,柴田 大知,34.9,438(-8),高橋 祥泰,10,0,25.5,1.9,南
8,3,ヴォールヴィコント,牝2,54,戸崎 圭太,34.4,488(+4),上原 博之,1,0,25.5,1.9,南
9,9,ミツカネショコラ,牝2,54,武士沢 友治,33.6,400(-8),清水 英克,8,0,25.5,1.9,南
10,13,ロードカバチ,牡2,54,☆野中 悠太郎,34,426(-4),菊川 正達,11,0,25.5,1.9,南
11,1,ピュアハート,牝2,52,△木幡 育也,34.3,498(-16),杉浦 宏昭,13,0,25.5,1.9,南
12,8,テルミーユアラヴ,牝2,54,石川 裕紀人,35.8,452(0),相沢 郁,7,0,25.5,1.9,南
13,2,コーリンマジェリー,牝2,54,木幡 巧也,35.9,440(-10),小野 次郎,12,0,25.5,1.9,南
14,6,リトルウィジー,牝2,53,☆武藤 雅,35.2,402(+2),中野 栄治,14,0,25.5,1.9,南
,,,,,,,,,,,,,
2019/10/5,4R,,,,,,,,,,,,
1,5,タイアンキチジツ,牝2,51,▲岩田 望来,38.9,482(初出走),中舘 英二,7,0,25.5,1.9,南
2,16,アールウェルス,牡2,55,藤岡 佑介,39.4,510(初出走),牧浦 充徳,3,0,25.5,1.9,南
3,11,スズカゴウケツ,牡2,55,田中 勝春,38,458(初出走),伊藤 圭三,6,0,25.5,1.9,南
4,6,ヌンカプト,牡2,55,江田 照男,39.5,442(初出走),矢野 英一,2,0,25.5,1.9,南
5,4,マルガイキンバリープロセス,牡2,55,石橋 脩,38.4,504(初出走),手塚 貴久,5,0,25.5,1.9,南
6,8,マルガイアメリカンニーニャ,牝2,54,戸崎 圭太,40.2,512(初出走),石坂 公一,1,0,25.5,1.9,南
7,3,ネオデレヤ,牡2,54,☆野中 悠太郎,38.6,474(初出走),小西 一男,14,0,25.5,1.9,南
8,2,フジコウキ,牡2,55,松岡 正海,37.6,474(初出走),高市 圭二,12,0,25.5,1.9,南
9,14,ヘニービュット,牡2,55,小崎 綾也,41.5,502(初出走),池上 昌和,8,0,25.5,1.9,南
10,1,クリアミッション,牡2,55,大庭 和弥,39,500(初出走),土田 稔,9,0,25.5,1.9,南
11,13,ティアップレディー,牝2,54,杉原 誠人,37.9,454(初出走),奥平 雅士,11,0,25.5,1.9,南
12,15,ラブオーソ,牝2,51,▲大塚 海渡,40.6,434(初出走),和田 雄二,16,0,25.5,1.9,南
13,10,ジニアテソーロ,牝2,52,△木幡 育也,41.8,446(初出走),奥平 雅士,4,0,25.5,1.9,南
14,7,タレントバイオ,牝2,54,木幡 巧也,42,470(初出走),牧 光二,13,0,25.5,1.9,南
15,9,レクレール,牡2,55,武士沢 友治,40.7,466(初出走),堀井 雅広,15,0,25.5,1.9,南
16,12,ワンビリーブ,牡2,55,石川 裕紀人,46.2,508(初出走),相沢 郁,10,0,25.5,1.9,南
,,,,,,,,,,,,,
2019/10/5,5R,,,,,,,,,,,,
1,16,ラッシュアップ,牡2,55,戸崎 圭太,34.7,526(初出走),金成 貴史,3,0,25.5,1.9,南
2,10,スピードオブラブ,牝2,54,北村 宏司,34.3,432(初出走),中川 公成,10,0,25.5,1.9,南
3,7,クロミナンス,牡2,55,M.デムーロ,35.3,480(初出走),尾関 知人,1,0,25.5,1.9,南
4,12,グッドマックス,牝2,54,木幡 巧也,34.4,448(初出走),堀井 雅広,8,0,25.5,1.9,南
5,3,クリノプレミアム,牝2,54,田中 勝春,35.2,460(初出走),伊藤 伸一,7,0,25.5,1.9,南
6,14,フェデネージュ,牝2,54,蛯名 正義,35.3,432(初出走),国枝 栄,2,0,25.5,1.9,南
7,5,ジェロボーム,牝2,54,三浦 皇成,35,490(初出走),古賀 慎明,5,0,25.5,1.9,南
8,18,ナゲキッス,牝2,54,江田 照男,35.5,418(初出走),大江原 哲,15,0,25.5,1.9,南
9,4,コバルトスカイ,牝2,53,☆野中 悠太郎,35.3,470(初出走),黒岩 陽一,4,0,25.5,1.9,南
10,17,ミヤビマドンナ,牝2,54,松岡 正海,35.9,450(初出走),中舘 英二,6,0,25.5,1.9,南
11,6,ジャポネスク,牝2,54,大野 拓弥,35.1,416(初出走),高橋 祥泰,13,0,25.5,1.9,南
12,2,ボンテンマル,牡2,54,☆武藤 雅,35.8,434(初出走),尾形 和幸,9,0,25.5,1.9,南
13,1,ナムラアロハ,牝2,51,▲大塚 海渡,35.8,378(初出走),石栗 龍彦,17,0,25.5,1.9,南
14,13,グランバル,牡2,55,太宰 啓介,37.1,466(初出走),和田 雄二,11,0,25.5,1.9,南
15,9,テイエムピカピカ,牝2,54,菅原 隆一,36.8,460(初出走),石栗 龍彦,16,0,25.5,1.9,南
16,11,カゼニノッテ,牝2,54,大庭 和弥,36,452(初出走),松永 康利,18,0,25.5,1.9,南
17,15,シデンカイ,牡2,55,武士沢 友治,36.5,526(初出走),清水 英克,12,0,25.5,1.9,南
18,8,ジャストチョウサン,牡2,55,石川 裕紀人,37,460(初出走),蛯名 利弘,14,0,25.5,1.9,南
,,,,,,,,,,,,,
2019/10/5,11R,,,,,,,,,,,,
1,3,サリオス,牡2,55,石橋 脩,33.1,540(+6),堀 宣行,1,0,25.5,1.9,南
2,6,クラヴァシュドール,牝2,54,藤岡 佑介,33.1,450(0),中内田 充正,2,0,25.5,1.9,南
3,8,アブソルティスモ,牡2,55,戸崎 圭太,34.3,494(-4),藤沢 和雄,3,0,25.5,1.9,南
4,2,ジェラペッシュ,牝2,54,吉田 豊,34.1,446(+4),尾関 知人,6,0,25.5,1.9,南
5,9,エンジェルサークル,牝2,54,M.デムーロ,33.7,436(-6),中川 公成,5,0,25.5,1.9,南
6,7,シコウ,牡2,55,木幡 巧也,34.9,450(-10),牧 光二,7,0,25.5,1.9,南
7,4,カップッチョ,牡2,55,江田 照男,34.4,440(+2),高市 圭二,9,0,25.5,1.9,南
8,5,ロードエクスプレス,牡2,55,三浦 皇成,34.4,438(+6),坂口 智康,4,0,25.5,1.9,南
9,1,イロゴトシ,牡2,55,小崎 綾也,35,458(+4),牧田 和弥,8,0,25.5,1.9,南
,,,,,,,,,,,,,
2019/10/6,1R,,,,,,,,,,,,
1,6,ホットミスト,牝2,54,福永 祐一,37,462(+4),安田 隆行,1,0,20.6,1.7,北東
2,9,マイネルエスペルト,牡2,55,津村 明秀,37.7,498(-6),水野 貴広,4,0,20.6,1.7,北東
3,10,カッチョカバロ,牡2,55,木幡 巧也,38,490(+2),牧 光二,2,0,20.6,1.7,北東
4,11,コスモケルビン,牡2,55,柴田 大知,37.6,484(-4),佐藤 吉勝,3,0,20.6,1.7,北東
5,4,シュプレムラン,牡2,53,△木幡 育也,37.8,476(0),田中 博康,5,0,20.6,1.7,北東
6,8,リュウノブルック,牡2,55,菅原 隆一,38.8,458(-6),小野 次郎,8,0,20.6,1.7,北東
7,1,タイセイブーティー,牡2,55,石橋 脩,38.4,460(+8),伊藤 圭三,6,0,20.6,1.7,北東
8,2,ナックライオン,牡2,52,▲岩田 望来,39.6,498(+2),杉浦 宏昭,9,0,20.6,1.7,北東
9,3,ニシノジェイピー,牡2,54,☆武藤 雅,38.5,432(+4),田村 康仁,7,0,20.6,1.7,北東
10,5,ユーアーマイソウル,牡2,55,松岡 正海,39.8,474(-4),伊藤 伸一,10,0,20.6,1.7,北東
11,7,バトルモモタロー,牡2,54,☆野中 悠太郎,38.9,412(0),伊藤 大士,11,0,20.6,1.7,北東
,,,,,,,,,,,,,
2019/10/6,2R,,,,,,,,,,,,
1,11,スズカコーズマンボ,牡2,55,北村 宏司,36.5,464(+6),伊藤 圭三,8,0,20.6,1.7,北東
2,16,ソクシン,牡2,54,☆野中 悠太郎,37.6,508(-6),小西 一男,3,0,20.6,1.7,北東
3,12,ラブリーエンジェル,牝2,54,武士沢 友治,37.8,432(-8),堀井 雅広,13,0,20.6,1.7,北東
4,3,ハディア,牡2,55,津村 明秀,38.7,452(+2),粕谷 昌央,11,0,20.6,1.7,北東
5,7,ビッグワンビリーブ,牡2,55,木幡 巧也,38.8,444(-10),蛯名 利弘,12,0,20.6,1.7,北東
6,6,パイプライン,牡2,55,田中 勝春,39.1,482(-4),田中 剛,1,0,20.6,1.7,北東
7,13,ワセダウォリアー,牡2,55,戸崎 圭太,39,460(0),金成 貴史,2,0,20.6,1.7,北東
8,8,ケイティディライト,牝2,54,四位 洋文,39.5,444(-4),小野 次郎,5,0,20.6,1.7,北東
9,2,セイウンハテンコウ,牡2,55,内田 博幸,39.8,506(-4),武市 康男,4,0,20.6,1.7,北東
10,4,コスモピオニール,牡2,55,柴田 大知,38.8,462(0),天間 昭一,15,0,20.6,1.7,北東
11,1,トーセンコパン,牡2,53,△木幡 育也,39,468(+2),菊沢 隆徳,9,0,20.6,1.7,北東
12,9,ホープブロッサム,牝2,54,A.シュタルケ,39.3,476(-10),池上 昌和,6,0,20.6,1.7,北東
13,10,ペリトモレノ,牝2,54,江田 照男,40.2,458(-8),大江原 哲,7,0,20.6,1.7,北東
14,14,ラカルマ,牝2,51,▲岩田 望来,40.5,472(-8),杉浦 宏昭,10,0,20.6,1.7,北東
15,15,トーアクルス,牡2,55,酒井 学,39.4,496(+2),作田 誠二,14,0,20.6,1.7,北東
16,5,ユラ,牝2,54,服部 茂史,39.5,458(-2),小桧山 悟,16,0,20.6,1.7,北東
,,,,,,,,,,,,,
2019/10/6,3R,,,,,,,,,,,,
1,9,ヴァルナ,牡2,55,福永 祐一,34,492(+12),寺島 良,2,0,20.6,1.7,北東
2,7,ゴールドパラディン,牡2,55,戸崎 圭太,34.4,430(0),山内 研二,4,0,20.6,1.7,北東
3,10,エースインザハート,牡2,53,△木幡 育也,34.5,440(-2),高市 圭二,6,0,20.6,1.7,北東
4,12,ツクバゴールド,牡2,55,A.シュタルケ,34.8,508(0),清水 久詞,3,0,20.6,1.7,北東
5,6,マイネルシスネロス,牡2,54,☆武藤 雅,34.3,462(+4),水野 貴広,1,0,20.6,1.7,北東
6,3,シバノレイワ,牡2,55,北村 宏司,34.8,460(+2),萱野 浩二,7,0,20.6,1.7,北東
7,1,ハッピールーラ,牡2,55,松岡 正海,34.8,448(-2),長谷川 浩大,5,0,20.6,1.7,北東
8,8,センノベステス,牡2,55,吉田 豊,34.7,484(-10),南田 美知雄,11,0,20.6,1.7,北東
9,5,オウサマプリン,牡2,55,服部 茂史,35.8,468(+4),的場 均,12,0,20.6,1.7,北東
10,11,イッツオーライト,牡2,54,☆野中 悠太郎,36.9,442(-4),竹内 正洋,8,0,20.6,1.7,北東
11,2,グラスカルメン,牝2,54,木幡 巧也,36.9,434(+6),尾形 和幸,9,0,20.6,1.7,北東
12,4,ハーフジャック,牡2,52,▲岩田 望来,37.7,418(-4),加藤 士津八,10,0,20.6,1.7,北東
,,,,,,,,,,,,,
2019/10/6,4R,,,,,,,,,,,,
1,2,バトルカグヤ,牝2,54,津村 明秀,34.7,460(初出走),本田 優,7,0,20.6,1.7,北東
2,15,トルニ,牝2,54,吉田 豊,34,458(初出走),高橋 裕,9,0,20.6,1.7,北東
3,12,オメガデラックス,せん2,55,石橋 脩,34,432(初出走),安田 翔伍,4,0,20.6,1.7,北東
4,1,ダイワリチャード,牡2,55,内田 博幸,34.5,446(初出走),上原 博之,2,0,20.6,1.7,北東
5,6,イザラ,牝2,54,福永 祐一,34.7,442(初出走),加藤 征弘,1,0,20.6,1.7,北東
6,8,スズノヤマト,牡2,55,幸 英明,35,460(初出走),高橋 裕,5,0,20.6,1.7,北東
7,10,ドンマニフィコ,牡2,55,A.シュタルケ,34.8,428(初出走),牧浦 充徳,6,0,20.6,1.7,北東
8,4,マイネルアルモニコ,牡2,55,柴田 大知,35.1,428(初出走),鹿戸 雄一,8,0,20.6,1.7,北東
9,11,ベスティア,牡2,54,☆野中 悠太郎,34.9,472(初出走),黒岩 陽一,11,0,20.6,1.7,北東
10,9,シュシュダムール,牝2,52,△木幡 育也,35.3,422(初出走),粕谷 昌央,13,0,20.6,1.7,北東
11,14,シラカワカツコ,牝2,54,松岡 正海,33.8,394(初出走),伊藤 伸一,16,0,20.6,1.7,北東
12,3,ディーバダンス,牝2,51,▲岩田 望来,35.3,448(初出走),大江原 哲,14,0,20.6,1.7,北東
13,16,ワキノフオルテ,牡2,55,田中 勝春,35.4,470(初出走),清水 久詞,10,0,20.6,1.7,北東
14,5,ハルノマリーナ,牝2,54,服部 茂史,35.1,460(初出走),小桧山 悟,12,0,20.6,1.7,北東
15,13,ホルダンモル,牝2,54,武士沢 友治,34.9,418(初出走),松永 康利,15,0,20.6,1.7,北東
16,7,ヤマヒビキ,牝2,54,石神 深一,35.1,466(初出走),石栗 龍彦,18,0,20.6,1.7,北東
17,18,ハシレコウマ,牡2,55,菅原 隆一,35.8,492(初出走),石栗 龍彦,17,0,20.6,1.7,北東
18,17,ラファエル,牡2,55,戸崎 圭太,36.9,486(初出走),伊藤 圭三,3,0,20.6,1.7,北東
,,,,,,,,,,,,,
2019/10/6,5R,,,,,,,,,,,,
1,10,サクラトゥジュール,牡2,55,石橋 脩,33.6,472(初出走),堀 宣行,2,0,20.6,1.7,北東
2,9,ロードソリッド,牡2,55,A.シュタルケ,33.8,458(初出走),清水 久詞,3,0,20.6,1.7,北東
3,7,ランサムトラップ,牝2,54,木幡 巧也,34,418(初出走),根本 康広,11,0,20.6,1.7,北東
4,1,ダノングロワール,牡2,55,戸崎 圭太,34.3,490(初出走),国枝 栄,1,0,20.6,1.7,北東
5,5,マルターズデセオ,牡2,54,☆武藤 雅,34.3,482(初出走),手塚 貴久,6,0,20.6,1.7,北東
6,8,ジュールサイクル,牝2,54,内田 博幸,34,452(初出走),田中 剛,7,0,20.6,1.7,北東
7,4,ビレッジイーグル,牡2,55,松岡 正海,34.9,478(初出走),竹内 正洋,4,0,20.6,1.7,北東
8,3,ホウオウトラスト,牡2,55,津村 明秀,34.4,478(初出走),池上 昌和,5,0,20.6,1.7,北東
9,6,タイガ,牡2,55,的場 勇人,34.3,506(初出走),的場 均,9,0,20.6,1.7,北東
10,11,アンリーシュ,牝2,54,北村 宏司,34.5,430(初出走),小西 一男,10,0,20.6,1.7,北東
11,2,イッツエルメス,牝2,53,☆野中 悠太郎,35.1,464(初出走),畠山 吉宏,8,0,20.6,1.7,北東
,,,,,,,,,,,,,
2019/10/14,1R,,,,,,,,,,,,
1,12,ムーランアンディゴ,牡2,55,丸田 恭介,36.5,482(-6),田中 博康,1,6.5,16.4,1.3,北西
2,9,コパシーナ,せん2,55,三浦 皇成,36.9,482(+6),伊藤 圭三,2,6.5,16.4,1.3,北西
3,1,セイエスコート,牡2,54,☆横山 武史,37.7,462(+2),菊川 正達,5,6.5,16.4,1.3,北西
4,4,スターファイター,牡2,55,嘉藤 貴行,37.3,484(+10),田島 俊明,3,6.5,16.4,1.3,北西
5,6,サンダーボマー,牡2,55,岩田 康誠,37.3,418(+2),土田 稔,7,6.5,16.4,1.3,北西
6,10,トーセンシグナル,牡2,55,岩部 純二,37.5,494(+16),萱野 浩二,4,6.5,16.4,1.3,北西
7,2,エリンクロノス,牡2,53,△木幡 育也,39.1,504(-6),大江原 哲,10,6.5,16.4,1.3,北西
8,3,キヨセ,牡2,55,木幡 巧也,39.1,446(+18),新開 幸一,6,6.5,16.4,1.3,北西
9,5,ルナランス,牝2,53,☆武藤 雅,39.6,430(+8),武藤 善則,9,6.5,16.4,1.3,北西
10,7,コトブキノニ,牝2,53,☆菊沢 一樹,39.3,470(0),佐藤 吉勝,12,6.5,16.4,1.3,北西
11,13,フローラルオーク,牝2,53,☆野中 悠太郎,39.6,410(+2),伊藤 大士,8,6.5,16.4,1.3,北西
12,11,カシノスペリオル,牡2,52,▲大塚 海渡,38.5,442(-6),和田 雄二,13,6.5,16.4,1.3,北西
13,8,モンサンブラーマ,牡2,52,▲山田 敬士,38.8,462(-2),青木 孝文,11,6.5,16.4,1.3,北西
,,,,,,,,,,,,,
2019/10/14,2R,,,,,,,,,,,,
1,12,ピオノノ,牡2,55,岩田 康誠,38,486(0),奥村 武,1,6.5,16.4,1.3,北西
2,5,サトノアレックス,牡2,55,戸崎 圭太,37.9,492(+8),古賀 慎明,2,6.5,16.4,1.3,北西
3,9,ワンモアエフォート,牡2,52,▲大塚 海渡,38.8,480(-4),勢司 和浩,7,6.5,16.4,1.3,北西
4,6,アナンダライト,牡2,55,川田 将雅,38.8,502(-12),田村 康仁,3,6.5,16.4,1.3,北西
5,7,イデアイホマジョル,牡2,55,柴田 大知,38.8,434(+4),和田 雄二,8,6.5,16.4,1.3,北西
6,11,セントガブリエル,牝2,53,☆菊沢 一樹,39.2,460(-6),菊沢 隆徳,5,6.5,16.4,1.3,北西
7,1,グラスディアブロ,牡2,55,江田 照男,38.7,452(-10),手塚 貴久,11,6.5,16.4,1.3,北西
8,3,フルゴリラ,牡2,55,田中 勝春,39.1,522(0),小野 次郎,6,6.5,16.4,1.3,北西
9,13,カナライズ,牡2,55,三浦 皇成,40.3,454(-2),中舘 英二,4,6.5,16.4,1.3,北西
10,8,インディードシチー,牡2,55,吉田 豊,39.1,488(-4),上原 博之,9,6.5,16.4,1.3,北西
11,4,セイカアーナンダイ,牡2,55,石川 裕紀人,40.2,462(+14),相沢 郁,12,6.5,16.4,1.3,北西
12,2,ハシレコウマ,牡2,52,▲山田 敬士,40.7,490(-2),石栗 龍彦,13,6.5,16.4,1.3,北西
13,10,オウサムミニスター,牡2,54,☆野中 悠太郎,42.1,422(+2),和田 正一郎,10,6.5,16.4,1.3,北西
,,,,,,,,,,,,,
2019/10/14,3R,,,,,,,,,,,,
1,9,マルガイプライモーディアル,牡2,54,☆野中 悠太郎,34.9,480(0),黒岩 陽一,6,6.5,16.4,1.3,北西
2,5,セイウンパワフル,牡2,55,戸崎 圭太,34.6,472(0),斎藤 誠,3,6.5,16.4,1.3,北西
3,1,エストロ,牝2,54,川田 将雅,34.8,474(-2),萩原 清,2,6.5,16.4,1.3,北西
4,11,サヴァイヴ,牡2,55,福永 祐一,34.9,458(+4),清水 久詞,1,6.5,16.4,1.3,北西
5,13,ワカミヤアトゥ,牡2,55,石川 裕紀人,35.3,458(-2),稲垣 幸雄,7,6.5,16.4,1.3,北西
6,15,ハーディン,牡2,55,江田 照男,34.9,424(-2),佐藤 吉勝,9,6.5,16.4,1.3,北西
7,3,ディンブラ,牝2,54,三浦 皇成,34.8,460(+8),上原 博之,5,6.5,16.4,1.3,北西
8,7,ブルーノジュネス,牡2,55,丸田 恭介,34.8,482(0),宗像 義忠,4,6.5,16.4,1.3,北西
9,6,ブルーパー,牝2,54,嘉藤 貴行,35,460(-6),青木 孝文,10,6.5,16.4,1.3,北西
10,12,パトローナム,牡2,55,杉原 誠人,35.3,438(+2),高橋 文雅,15,6.5,16.4,1.3,北西
11,10,コスモトップガン,牡2,55,丹内 祐次,35.9,470(-2),伊藤 伸一,11,6.5,16.4,1.3,北西
12,16,ショウイモン,牝2,53,☆菊沢 一樹,35.8,424(-4),松山 将樹,14,6.5,16.4,1.3,北西
13,14,オレンジブラウニー,牝2,53,☆横山 武史,35.5,454(-4),的場 均,8,6.5,16.4,1.3,北西
14,8,マルガイデイオブサンダー,牡2,55,内田 博幸,35.1,472(0),田中 剛,12,6.5,16.4,1.3,北西
15,4,イエローハート,牡2,52,▲菅原 明良,36,458(+2),土田 稔,13,6.5,16.4,1.3,北西
16,2,ヤマヒビキ,牝2,51,▲山田 敬士,35.7,468(+2),石栗 龍彦,16,6.5,16.4,1.3,北西
,,,,,,,,,,,,,
2019/10/14,4R,,,,,,,,,,,,
1,5,フェルミスフィア,牝2,54,川田 将雅,34.8,430(初出走),木村 哲也,2,6.5,16.4,1.3,北西
2,2,ピーエムピンコ,牝2,51,▲藤田 菜七子,34,392(初出走),和田 正一郎,5,6.5,16.4,1.3,北西
3,18,カーテンコール,牝2,54,三浦 皇成,34.8,472(初出走),高野 友和,1,6.5,16.4,1.3,北西
4,17,ホイッスルヴォイス,牝2,54,石橋 脩,34.3,438(初出走),大竹 正博,4,6.5,16.4,1.3,北西
5,6,ダイユウローズ,牝2,54,木幡 巧也,35.2,504(初出走),松永 康利,11,6.5,16.4,1.3,北西
6,9,ルリアンヴェール,牝2,54,池添 謙一,35.6,410(初出走),牧浦 充徳,3,6.5,16.4,1.3,北西
7,10,キャツクレードル,牝2,54,江田 照男,35,462(初出走),佐藤 吉勝,14,6.5,16.4,1.3,北西
8,1,ナンヨーアイゼン,牝2,54,柴田 善臣,35.2,464(初出走),宗像 義忠,7,6.5,16.4,1.3,北西
9,16,カナワン,牝2,54,吉田 豊,35.1,438(初出走),竹内 正洋,10,6.5,16.4,1.3,北西
10,13,マリノヴィヴィアナ,牝2,54,岩田 康誠,35.8,456(初出走),松永 康利,6,6.5,16.4,1.3,北西
11,7,レッドペルーシュ,牝2,54,丸田 恭介,34.9,420(初出走),宗像 義忠,13,6.5,16.4,1.3,北西
12,3,プラチナビューティ,牝2,54,田中 勝春,36.3,436(初出走),宗像 義忠,8,6.5,16.4,1.3,北西
13,12,ロングヘア,牝2,54,嘉藤 貴行,35.6,476(初出走),加藤 和宏,18,6.5,16.4,1.3,北西
14,15,エバンタイユドール,牝2,54,武士沢 友治,35.2,498(初出走),高市 圭二,9,6.5,16.4,1.3,北西
15,8,スピランセス,牝2,54,勝浦 正樹,36.7,452(初出走),田村 康仁,12,6.5,16.4,1.3,北西
16,14,ミコドリーム,牝2,51,▲菅原 明良,36.3,480(初出走),尾形 和幸,16,6.5,16.4,1.3,北西
17,11,スノープロー,牝2,54,丹内 祐次,36.2,434(初出走),中野 栄治,17,6.5,16.4,1.3,北西
18,4,メロウスマイル,牝2,53,☆野中 悠太郎,36.2,376(初出走),小島 茂之,15,6.5,16.4,1.3,北西
,,,,,,,,,,,,,
2019/10/14,5R,,,,,,,,,,,,
1,14,ルナシオン,牝2,54,福永 祐一,34.3,450(初出走),藤沢 和雄,1,6.5,16.4,1.3,北西
2,9,マルガイヴィズサクセス,牡2,55,松岡 正海,34.1,456(初出走),手塚 貴久,6,6.5,16.4,1.3,北西
3,12,リュウノルフィ,牡2,55,柴田 善臣,34.5,432(初出走),小野 次郎,15,6.5,16.4,1.3,北西
4,15,ミヤコシャンティ,牝2,54,吉田 隼人,34.8,432(初出走),宗像 義忠,7,6.5,16.4,1.3,北西
5,4,フェアリーシップ,牝2,54,内田 博幸,35,460(初出走),石栗 龍彦,9,6.5,16.4,1.3,北西
6,2,シャドウワルツ,牡2,55,岩田 康誠,34.6,418(初出走),斎藤 誠,5,6.5,16.4,1.3,北西
7,3,インテリジェンス,牝2,54,横山 典弘,35.1,454(初出走),菊沢 隆徳,2,6.5,16.4,1.3,北西
8,10,レットミーアウト,牝2,54,丹内 祐次,34,468(初出走),水野 貴広,4,6.5,16.4,1.3,北西
9,11,マルガイサトノグリアン,牡2,55,戸崎 圭太,35.4,468(初出走),鹿戸 雄一,3,6.5,16.4,1.3,北西
10,5,カズノコクリュウ,牡2,54,☆野中 悠太郎,34.8,472(初出走),小西 一男,11,6.5,16.4,1.3,北西
11,1,エクシア,牝2,53,☆武藤 雅,34.7,480(初出走),小島 茂之,10,6.5,16.4,1.3,北西
12,8,シゲルパンドラ,牝2,54,吉田 豊,34.8,474(初出走),浅野 洋一郎,13,6.5,16.4,1.3,北西
13,6,マルガイコスモクウ,牡2,55,柴田 大知,35.3,448(初出走),上原 博之,8,6.5,16.4,1.3,北西
14,13,タイムイズナカヤマ,牡2,55,嘉藤 貴行,35,440(初出走),高市 圭二,16,6.5,16.4,1.3,北西
15,7,フォースオブライフ,牡2,52,▲菅原 明良,35.6,416(初出走),松山 将樹,14,6.5,16.4,1.3,北西
16,16,ニシノハナミズキ,牝2,54,北村 宏司,35.6,510(初出走),古賀 慎明,12,6.5,16.4,1.3,北西
,,,,,,,,,,,,,
2019/10/15,1R,,,,,,,,,,,,
1,10,エコロアーサー,牡2,52,▲藤田 菜七子,37.9,452(-2),武市 康男,5,0,17.7,1.3,東北東
2,11,サツキマス,牝2,54,戸崎 圭太,38.2,456(+2),田島 俊明,1,0,17.7,1.3,東北東
3,9,トーアリュウジン,せん2,55,柴田 善臣,38.6,486(+14),藤原 辰雄,2,0,17.7,1.3,東北東
4,2,カラーズオブラヴ,牝2,54,武士沢 友治,38.8,456(0),和田 勇介,6,0,17.7,1.3,東北東
5,1,アルトゥーロ,牡2,55,嶋田 純次,38.1,422(+6),南田 美知雄,3,0,17.7,1.3,東北東
6,4,アルディビート,牡2,52,▲菅原 明良,38.3,462(-8),土田 稔,8,0,17.7,1.3,東北東
7,3,ノヘア,牝2,54,北村 宏司,39.4,420(-2),伊藤 大士,4,0,17.7,1.3,東北東
8,5,ラカルマ,牝2,54,木幡 初也,38.4,474(+2),杉浦 宏昭,9,0,17.7,1.3,東北東
9,7,コイツバメカツコ,牝2,54,木幡 巧也,39.5,432(0),黒岩 陽一,7,0,17.7,1.3,東北東
10,6,ショウリオウ,牡2,55,菅原 隆一,39,444(+4),武市 康男,11,0,17.7,1.3,東北東
11,8,イノセントグラム,牡2,53,△木幡 育也,37.8,468(-6),伊藤 伸一,12,0,17.7,1.3,東北東
12,12,ネガワンニダ,牡2,55,江田 照男,38.9,404(+4),本間 忍,10,0,17.7,1.3,東北東
,,,,,,,,,,,,,
2019/10/15,2R,異常値あり,,,,,,,,,,,
1,11,アミークス,牝2,54,三浦 皇成,34.2,442(+2),栗田 徹,1,0,17.7,1.3,東北東
2,12,プラットフォーマー,牝2,54,戸崎 圭太,35,434(-6),矢野 英一,4,0,17.7,1.3,東北東
3,4,タマノシュシュ,牝2,54,田辺 裕信,34.9,428(-2),菊川 正達,2,0,17.7,1.3,東北東
4,8,レディトゥラン,牝2,51,▲菅原 明良,34.8,412(-6),加藤 和宏,7,0,17.7,1.3,東北東
5,5,ヒガシヴァルキリー,牝2,53,☆横山 武史,35.3,412(+2),林 徹,3,0,17.7,1.3,東北東
6,1,アルソリート,牝2,54,岩田 康誠,35.3,484(0),久保田 貴士,8,0,17.7,1.3,東北東
7,7,ヒューズライン,牝2,54,丹内 祐次,34.9,438(-4),高橋 祥泰,5,0,17.7,1.3,東北東
8,10,ゼンダンスネーク,牝2,54,吉田 豊,34.8,470(+4),土田 稔,12,0,17.7,1.3,東北東
9,6,オウケンアマゾネス,牝2,54,大野 拓弥,35.1,428(0),和田 勇介,6,0,17.7,1.3,東北東
10,13,ダンサーズドリーム,牝2,54,江田 照男,35,434(+4),深山 雅史,10,0,17.7,1.3,東北東
11,3,エクメディクイーン,牝2,54,内田 博幸,36.3,392(-2),深山 雅史,9,0,17.7,1.3,東北東
12,2,シゲルビアンカ,牝2,54,嘉藤 貴行,36,404(+6),清水 英克,11,0,17.7,1.3,東北東
取消,9,ソスピタ,牝2,53,☆野中 悠太郎,,,畠山 吉宏,,,,,
,,,,,,,,,,,,,
2019/10/15,３R,,,,,,,,,,,,
1,1,ラグビーボーイ,牡2,55,北村 宏司,33.9,484(-4),勢司 和浩,4,0,17.7,1.3,東北東
2,2,ヴィアメント,牡2,55,三浦 皇成,33.4,480(0),鹿戸 雄一,1,0,17.7,1.3,東北東
3,8,プリマジア,牡2,55,横山 典弘,33.8,452(-2),金成 貴史,2,0,17.7,1.3,東北東
4,7,リメインオブザデイ,牝2,51,▲藤田 菜七子,34.9,400(+4),田島 俊明,5,0,17.7,1.3,東北東
5,4,ステラドーロ,牝2,54,柴田 大知,34.9,450(+2),畠山 吉宏,3,0,17.7,1.3,東北東
6,6,ウォッシュトレード,牡2,55,内田 博幸,33.9,464(0),浅野 洋一郎,8,0,17.7,1.3,東北東
7,5,コスモプロケッラ,牡2,55,丹内 祐次,34.4,440(+2),蛯名 利弘,6,0,17.7,1.3,東北東
8,9,フラッグタワー,牡2,54,☆野中 悠太郎,34.9,436(-4),和田 正一郎,7,0,17.7,1.3,東北東
9,3,セキセキ,牡2,52,▲山田 敬士,36.4,450(+6),田中 清隆,9,0,17.7,1.3,東北東
,,,,,,,,,,,,,
2019/10/15,4R,,,,,,,,,,,,
1,2,タイセイポリシー,牡2,54,☆横山 武史,36.2,466(初出走),栗田 徹,8,0,17.7,1.3,東北東
2,13,マルガイニュートンテソーロ,牡2,55,大野 拓弥,35.9,482(初出走),田中 博康,1,0,17.7,1.3,東北東
3,7,ファイブリーフ,牡2,55,木幡 巧也,36.6,492(初出走),岩戸 孝樹,4,0,17.7,1.3,東北東
4,3,ブレイキングバッド,牡2,55,津村 明秀,37.3,478(初出走),松山 将樹,12,0,17.7,1.3,東北東
5,5,メシアン,牝2,51,▲藤田 菜七子,38.3,438(初出走),和田 勇介,5,0,17.7,1.3,東北東
6,4,スマートクレイン,牝2,54,武 豊,37.4,516(初出走),尾関 知人,6,0,17.7,1.3,東北東
7,10,シゲルハウメア,牡2,55,武士沢 友治,37.9,448(初出走),蛯名 利弘,14,0,17.7,1.3,東北東
8,9,アポロバレッタ,牝2,54,吉田 豊,37.7,462(初出走),矢野 英一,10,0,17.7,1.3,東北東
9,16,ウイルホースバイオ,牡2,55,三浦 皇成,38.5,442(初出走),奥平 雅士,2,0,17.7,1.3,東北東
10,8,スローフード,牝2,54,北村 宏司,39.5,436(初出走),田島 俊明,7,0,17.7,1.3,東北東
11,14,ニシノストロング,牡2,54,☆野中 悠太郎,37.6,496(初出走),小島 茂之,13,0,17.7,1.3,東北東
12,12,マルガイジュフォン,牡2,55,岩田 康誠,38.8,494(初出走),和田 正一郎,3,0,17.7,1.3,東北東
13,6,カツノセヴンス,牡2,55,宮崎 北斗,39.2,462(初出走),伊藤 伸一,11,0,17.7,1.3,東北東
14,11,ゴールドハーレー,牡2,52,▲菅原 明良,39.1,476(初出走),尾形 和幸,9,0,17.7,1.3,東北東
15,15,パンプキンパッチ,牝2,54,丹内 祐次,40,436(初出走),佐藤 吉勝,16,0,17.7,1.3,東北東
16,1,キングズランド,牡2,55,江田 照男,43.9,428(初出走),鹿戸 雄一,15,0,17.7,1.3,東北東
,,,,,,,,,,,,,
2019/10/15,5R,,,,,,,,,,,,
1,7,フローズンスタイル,牝2,54,田辺 裕信,34.4,446(初出走),黒岩 陽一,3,0,17.7,1.3,東北東
2,6,ミスミルドレッド,牝2,54,M.デムーロ,33.7,436(初出走),小島 茂之,8,0,17.7,1.3,東北東
3,2,ビターエンダー,牡2,55,津村 明秀,33.7,466(初出走),相沢 郁,1,0,17.7,1.3,東北東
4,8,ミッキーハッスル,牡2,54,☆横山 武史,34,454(初出走),久保田 貴士,9,0,17.7,1.3,東北東
5,9,レッドライデン,牡2,55,武 豊,35.1,464(初出走),鹿戸 雄一,2,0,17.7,1.3,東北東
6,3,マイネルデステリョ,牡2,55,柴田 大知,34.4,446(初出走),畠山 吉宏,6,0,17.7,1.3,東北東
7,5,スピッツェンバーグ,牡2,55,岩田 康誠,35.5,458(初出走),武井 亮,4,0,17.7,1.3,東北東
8,1,サクラヴァルール,牡2,55,横山 典弘,34.5,474(初出走),尾関 知人,7,0,17.7,1.3,東北東
9,4,アルディエンテ,牡2,55,戸崎 圭太,35.7,490(初出走),古賀 慎明,5,0,17.7,1.3,東北東
,,,,,,,,,,,,,
2019/10/15,9R,,,,,,,,,,,,
1,10,タガノビューティー,牡2,55,石橋 脩,34.8,502(+2),西園 正都,4,0,17.7,1.3,東北東
2,9,マルガイセラン,牝2,54,武 豊,36,488(+10),松永 幹夫,1,0,17.7,1.3,東北東
3,4,ニシノレオニダス,牡2,55,大野 拓弥,36.3,504(0),中舘 英二,10,0,17.7,1.3,東北東
4,8,フィロロッソ,牡2,55,戸崎 圭太,36,460(-8),中竹 和也,2,0,17.7,1.3,東北東
5,2,マルガイイモータルスモーク,牡2,55,M.デムーロ,36.5,482(+12),金成 貴史,3,0,17.7,1.3,東北東
6,11,ハーモニーマゼラン,牡2,55,木幡 巧也,37,504(-4),牧 光二,5,0,17.7,1.3,東北東
7,7,ミャゴラーレ,牡2,55,田辺 裕信,36.6,500(+2),黒岩 陽一,7,0,17.7,1.3,東北東
8,3,マイネルアストリア,牡2,55,内田 博幸,37.8,472(0),武市 康男,8,0,17.7,1.3,東北東
9,1,トライフォーリアル,牡2,55,三浦 皇成,37.8,494(0),萩原 清,6,0,17.7,1.3,東北東
10,6,デルマガーネット,牝2,54,菊沢 一樹,38.7,442(-6),堀井 雅広,11,0,17.7,1.3,東北東
11,5,グッドブリッジ,牡2,55,津村 明秀,39.8,468(0),高橋 文雅,9,0,17.7,1.3,東北東
,,,,,,,,,,,,,
2019/10/19,1R,異常値あり,,,,,,,,,,,
1,5,ハルプモント,牡2,55,内田 博幸,37,490(+2),池上 昌和,4,42,17.5,1.2,北西
2,2,キララ,牝2,54,大野 拓弥,38.3,470(-8),田島 俊明,1,42,17.5,1.2,北西
3,8,ハディア,牡2,55,津村 明秀,38.4,456(+4),粕谷 昌央,3,42,17.5,1.2,北西
4,7,クィーンアドバンス,牝2,54,北村 宏司,38.2,458(+2),勢司 和浩,2,42,17.5,1.2,北西
5,12,センノベステス,牡2,55,吉田 豊,38,476(-8),南田 美知雄,5,42,17.5,1.2,北西
6,4,エクメディノツルギ,牝2,51,▲山田 敬士,38.5,424(-6),深山 雅史,6,42,17.5,1.2,北西
7,1,ショウゲキノノロシ,牡2,55,石川 倭,37.9,424(+6),小桧山 悟,12,42,17.5,1.2,北西
8,6,トーセンウエーブ,牡2,55,柴田 大知,38.3,428(0),松永 康利,11,42,17.5,1.2,北西
9,3,ネオアンビシャス,牝2,53,☆武藤 雅,38.8,458(-8),林 徹,8,42,17.5,1.2,北西
10,11,アッシュ,せん2,55,三浦 皇成,39.9,432(+2),田中 博康,7,42,17.5,1.2,北西
11,10,プリズムストーン,牡2,54,☆野中 悠太郎,39.6,476(+8),根本 康広,10,42,17.5,1.2,北西
12,13,テイエムピカピカ,牝2,53,☆菊沢 一樹,40.6,466(+6),石栗 龍彦,9,42,17.5,1.2,北西
除外,9,マルガイレイクマッジョーレ,牡2,55,木幡 巧也,,472(-6),土田 稔,,42,17.5,1.2,北西
,,,,,,,,,,,,,
2019/10/19,２R,,,,,,,,,,,,
1,8,シンハリング,牝2,54,M.デムーロ,35.1,470(-4),国枝 栄,2,42,17.5,1.2,北西
2,7,クリノプレミアム,牝2,54,松岡 正海,35.4,456(-4),伊藤 伸一,5,42,17.5,1.2,北西
3,4,ナゲキッス,牝2,54,江田 照男,35.6,422(+4),大江原 哲,10,42,17.5,1.2,北西
4,10,チアチアクラシカ,牝2,54,武 豊,35.4,490(0),堀井 雅広,1,42,17.5,1.2,北西
5,1,バイカル,牝2,54,柴田 大知,35.4,452(-4),勢司 和浩,9,42,17.5,1.2,北西
6,3,シラカバ,牝2,53,☆武藤 雅,35.8,452(-2),戸田 博文,6,42,17.5,1.2,北西
7,5,シャトン,牝2,53,☆野中 悠太郎,35.9,452(+8),高橋 文雅,8,42,17.5,1.2,北西
8,12,モノポリーアイズ,牝2,54,横山 典弘,35.8,434(+2),武井 亮,4,42,17.5,1.2,北西
9,2,トルニ,牝2,54,吉田 豊,35.7,458(0),高橋 裕,3,42,17.5,1.2,北西
10,11,ベルアンブル,牝2,54,田辺 裕信,36.3,434(-2),奥村 武,7,42,17.5,1.2,北西
11,6,ハルノマリーナ,牝2,51,▲山田 敬士,36.5,462(+2),小桧山 悟,12,42,17.5,1.2,北西
12,9,スプリングブリーズ,牝2,54,武士沢 友治,36.4,460(+4),萱野 浩二,11,42,17.5,1.2,北西
,,,,,,,,,,,,,
2019/10/19,３R,,,,,,,,,,,,
1,6,アドマイヤアリエル,牝2,54,C.ルメール,35.2,436(-2),加藤 征弘,1,42,17.5,1.2,北西
2,1,エリーストーム,牝2,53,☆野中 悠太郎,35.7,428(-4),本間 忍,13,42,17.5,1.2,北西
3,11,スウィートメリナ,牝2,54,田辺 裕信,35.3,420(-4),菊川 正達,3,42,17.5,1.2,北西
4,18,ザンセツ,牡2,55,内田 博幸,35.2,430(-2),古賀 慎明,6,42,17.5,1.2,北西
5,4,ディーバダンス,牝2,54,丹内 祐次,35.7,452(+4),大江原 哲,16,42,17.5,1.2,北西
6,2,シャチ,牡2,55,戸崎 圭太,34.6,438(+2),小桧山 悟,4,42,17.5,1.2,北西
7,5,エースインザハート,牡2,55,宮崎 北斗,36,436(-4),高市 圭二,7,42,17.5,1.2,北西
8,12,ヴェロニク,牝2,54,木幡 巧也,35,416(-12),松永 康利,15,42,17.5,1.2,北西
9,7,コスモビートイット,牡2,55,柴田 大知,35.7,446(0),清水 英克,2,42,17.5,1.2,北西
10,10,ベアーズレター,牡2,55,江田 照男,35.3,464(0),佐藤 吉勝,14,42,17.5,1.2,北西
11,9,ヨンウォニ,牝2,54,大野 拓弥,35.8,428(+6),田中 清隆,10,42,17.5,1.2,北西
12,15,スパークジョイ,牝2,54,吉田 豊,36.4,452(+4),古賀 史生,9,42,17.5,1.2,北西
13,8,テリオスベル,牝2,54,松岡 正海,35.4,424(-6),田島 俊明,11,42,17.5,1.2,北西
14,17,スターオブフォース,牡2,55,M.デムーロ,36.3,448(+2),土田 稔,8,42,17.5,1.2,北西
15,3,シラカワカツコ,牝2,51,▲山田 敬士,36.1,402(+8),伊藤 伸一,12,42,17.5,1.2,北西
16,16,ニシノカリウド,牡2,54,☆武藤 雅,37,460(-10),水野 貴広,5,42,17.5,1.2,北西
17,14,ナムラアロハ,牝2,53,☆菊沢 一樹,36.9,380(+2),石栗 龍彦,18,42,17.5,1.2,北西
18,13,ビチュリス,牝2,54,杉原 誠人,37,418(-2),蛯名 利弘,17,42,17.5,1.2,北西
,,,,,,,,,,,,,
2019/10/19,４R,,,,,,,,,,,,
1,11,ウーゴ,牡2,55,藤井 勘一郎,35.3,480(初出走),高橋 亮,7,42,17.5,1.2,北西
2,4,ゲンパチマイティー,牡2,55,田辺 裕信,35.7,516(初出走),牧浦 充徳,5,42,17.5,1.2,北西
3,5,フラッフィクラウド,牡2,55,津村 明秀,35.4,460(初出走),萩原 清,8,42,17.5,1.2,北西
4,12,マルガイアメリカンフェイス,牡2,54,☆武藤 雅,35.3,470(初出走),戸田 博文,4,42,17.5,1.2,北西
5,8,ショウナンアサヤケ,牡2,55,内田 博幸,36,496(初出走),武市 康男,10,42,17.5,1.2,北西
6,10,ヒートライトニング,牝2,54,吉田 豊,35.9,458(初出走),堀井 雅広,11,42,17.5,1.2,北西
7,9,ラストラフ,牝2,54,C.ルメール,36.6,480(初出走),小崎 憲,3,42,17.5,1.2,北西
8,16,セイユメアカリ,牡2,55,北村 宏司,36.6,432(初出走),浅野 洋一郎,13,42,17.5,1.2,北西
9,15,キラークイーン,牝2,54,福永 祐一,36.6,450(初出走),久保田 貴士,6,42,17.5,1.2,北西
10,2,ロワルゼル,牡2,55,大野 拓弥,36.4,486(初出走),新開 幸一,9,42,17.5,1.2,北西
11,7,ホウオウレガシー,牡2,55,M.デムーロ,38.9,478(初出走),栗田 徹,2,42,17.5,1.2,北西
12,14,マイネルエピキュア,牡2,55,柴田 大知,37.8,470(初出走),和田 雄二,12,42,17.5,1.2,北西
13,6,マルガイベッサメモー,牝2,54,武 豊,38.5,522(初出走),武 幸四郎,1,42,17.5,1.2,北西
14,3,ミヤビキング,牡2,54,☆野中 悠太郎,39.1,546(初出走),小島 茂之,14,42,17.5,1.2,北西
15,1,ルピナスガーデン,牝2,54,松岡 正海,37.8,456(初出走),竹内 正洋,15,42,17.5,1.2,北西
16,13,カシノギルガメシュ,牡2,55,石川 倭,39.5,472(初出走),天間 昭一,16,42,17.5,1.2,北西
,,,,,,,,,,,,,
2019/10/19,５R,,,,,,,,,,,,
1,13,フィリオアレグロ,牡2,55,M.デムーロ,34.4,472(初出走),堀 宣行,1,42,17.5,1.2,北西
2,1,レッドルレーヴ,牝2,54,C.ルメール,34.2,436(初出走),藤沢 和雄,2,42,17.5,1.2,北西
3,3,シェーンクラート,牡2,54,☆野中 悠太郎,35.5,486(初出走),黒岩 陽一,11,42,17.5,1.2,北西
4,5,デジマノハナ,牝2,54,横山 典弘,34.6,472(初出走),武井 亮,9,42,17.5,1.2,北西
5,2,マブルーク,牡2,55,武 豊,34.3,438(初出走),矢作 芳人,8,42,17.5,1.2,北西
6,7,サトノフラッグ,牡2,55,戸崎 圭太,35.4,494(初出走),国枝 栄,3,42,17.5,1.2,北西
7,12,エルバルーチェ,牝2,54,田辺 裕信,35.7,460(初出走),小島 茂之,6,42,17.5,1.2,北西
8,4,アラタ,牡2,55,大野 拓弥,35.5,452(初出走),和田 勇介,7,42,17.5,1.2,北西
9,11,ブロフェルド,牡2,55,津村 明秀,36.3,504(初出走),藤岡 健一,5,42,17.5,1.2,北西
10,6,ベルベストスター,牡2,55,内田 博幸,35.8,456(初出走),菊沢 隆徳,13,42,17.5,1.2,北西
11,8,エボカシオン,牡2,55,A.シュタルケ,35.3,508(初出走),橋田 満,4,42,17.5,1.2,北西
12,10,ホウオウゴースト,牡2,55,松岡 正海,36.7,432(初出走),斎藤 誠,10,42,17.5,1.2,北西
13,9,マイネルドゥマン,牡2,55,丹内 祐次,37.5,474(初出走),松山 将樹,12,42,17.5,1.2,北西
,,,,,,,,,,,,,
2019/10/19,９R,,,,,,,,,,,,
1,7,ワーケア,牡2,55,C.ルメール,33.3,486(+2),手塚 貴久,1,42,17.5,1.2,北西
2,2,クリスティ,牝2,54,福永 祐一,33.9,484(+18),杉山 晴紀,4,42,17.5,1.2,北西
3,8,ショコラブリアン,牝2,54,田辺 裕信,34,502(-12),尾関 知人,2,42,17.5,1.2,北西
4,1,アマゾーヌ,牝2,54,武 豊,34.3,466(+2),斎藤 誠,3,42,17.5,1.2,北西
5,6,カクチフジノロケット,牡2,55,石川 倭,34,438(+5),米川 昇,6,42,17.5,1.2,北西
6,5,スリリングドリーム,牝2,54,丹内 祐次,35.6,444(+12),小野 次郎,5,42,17.5,1.2,北西
7,4,ペリトモレノ,牝2,54,杉原 誠人,34.8,458(0),大江原 哲,8,42,17.5,1.2,北西
8,3,ガッツ,牡2,55,大野 拓弥,35.1,480(+2),伊藤 大士,7,42,17.5,1.2,北西
,,,,,,,,,,,,,
2019/10/20,1R,,,,,,,,,,,,
1,2,タイキルークス,牡2,54,☆菊沢 一樹,36.8,510(-10),菊沢 隆徳,4,0,20,1.4,東南東
2,12,タッシーアレッタ,牝2,54,松岡 正海,36.9,426(+2),中舘 英二,7,0,20,1.4,東南東
3,15,オメガドラゴン,牡2,55,大野 拓弥,36.4,482(+2),安田 翔伍,1,0,20,1.4,東南東
4,1,リュウノチョッパー,牡2,52,▲山田 敬士,36,466(-6),伊藤 伸一,10,0,20,1.4,東南東
5,7,ハイエストエンド,牡2,55,戸崎 圭太,37,494(-4),小西 一男,2,0,20,1.4,東南東
6,9,カズオルヴァル,牡2,55,松若 風馬,37.3,476(-4),安田 隆行,6,0,20,1.4,東南東
7,10,ディーエスプルーフ,牡2,55,三浦 皇成,36.7,440(0),伊藤 圭三,3,0,20,1.4,東南東
8,14,アポロファントム,牡2,55,津村 明秀,37.3,454(-6),鈴木 伸尋,5,0,20,1.4,東南東
9,13,シゲルメイオウセイ,牡2,55,古川 吉洋,38.2,476(+16),松山 将樹,9,0,20,1.4,東南東
10,4,ロードアンバー,せん2,55,北村 宏司,37.9,438(0),高柳 瑞樹,8,0,20,1.4,東南東
11,8,マルゼンスター,牡2,53,△木幡 育也,37.4,506(+10),勢司 和浩,13,0,20,1.4,東南東
12,11,ショウリオウ,牡2,55,武士沢 友治,38.9,440(-4),武市 康男,14,0,20,1.4,東南東
13,5,ヴォーグロックユー,牡2,55,木幡 巧也,39.7,474(+10),牧 光二,11,0,20,1.4,東南東
14,3,カツノセヴンス,牡2,55,宮崎 北斗,40,460(-2),伊藤 伸一,15,0,20,1.4,東南東
15,6,サノチナ,牝2,53,☆野中 悠太郎,41,400(0),清水 英克,12,0,20,1.4,東南東
,,,,,,,,,,,,,
2019/10/20,2R,,,,,,,,,,,,
1,3,コスモギンガ,牝2,54,丹内 祐次,34.9,444(-10),高橋 祥泰,6,0,20,1.4,東南東
2,4,プントファイヤー,牡2,55,松岡 正海,34.4,506(+10),手塚 貴久,1,0,20,1.4,東南東
3,5,ジェイケイエピファ,牝2,54,北村 宏司,33.8,462(-4),鹿戸 雄一,5,0,20,1.4,東南東
4,1,アスターファゴット,牡2,55,松若 風馬,34.5,490(0),中竹 和也,4,0,20,1.4,東南東
5,6,スパニッシュアート,牝2,54,三浦 皇成,34.5,406(-6),戸田 博文,3,0,20,1.4,東南東
6,7,キンブレル,牡2,55,戸崎 圭太,34.5,450(+2),矢野 英一,2,0,20,1.4,東南東
7,10,ロッソモラーレ,牡2,55,内田 博幸,34.5,444(0),奥平 雅士,7,0,20,1.4,東南東
8,2,クラウンデフィート,牡2,55,木幡 巧也,35.3,476(-6),武市 康男,8,0,20,1.4,東南東
9,9,ミスターサンライズ,牡2,54,☆武藤 雅,35.2,448(+20),和田 正一郎,9,0,20,1.4,東南東
10,8,カゼニノッテ,牝2,54,大庭 和弥,35.5,448(-4),松永 康利,10,0,20,1.4,東南東
,,,,,,,,,,,,,
2019/10/20,3R,,,,,,,,,,,,
1,12,メイショウテンスイ,牡2,55,古川 吉洋,35.9,512(初出走),南井 克巳,1,0,20,1.4,東南東
2,14,オイデヤスダイジン,牝2,54,伊藤 工真,35.9,458(初出走),金成 貴史,4,0,20,1.4,東南東
3,16,メタルスパーク,牡2,55,三浦 皇成,35.7,488(初出走),伊藤 圭三,3,0,20,1.4,東南東
4,9,アポロティアモ,牡2,55,戸崎 圭太,36.1,494(初出走),岩戸 孝樹,2,0,20,1.4,東南東
5,10,ナーラック,牝2,52,△木幡 育也,36.3,448(初出走),柄崎 孝,8,0,20,1.4,東南東
6,3,ネネサマ,牝2,54,北村 宏司,35.5,456(初出走),勢司 和浩,7,0,20,1.4,東南東
7,8,トミケンリューヤー,牡2,54,☆武藤 雅,37.5,496(初出走),水野 貴広,11,0,20,1.4,東南東
8,7,サノハニー,牝2,53,☆野中 悠太郎,37.2,472(初出走),中野 栄治,6,0,20,1.4,東南東
9,1,タニセンシロッコ,牡2,55,武士沢 友治,36.6,450(初出走),加藤 士津八,9,0,20,1.4,東南東
10,2,タシロ,牡2,55,大野 拓弥,36.7,506(初出走),的場 均,5,0,20,1.4,東南東
11,11,リディアンスケール,牡2,52,▲山田 敬士,38.8,472(初出走),高市 圭二,13,0,20,1.4,東南東
12,6,プログラマー,牡2,55,松岡 正海,38.6,480(初出走),田中 剛,10,0,20,1.4,東南東
13,5,リバティラン,牝2,54,服部 茂史,38,410(初出走),小桧山 悟,15,0,20,1.4,東南東
14,4,ダイヤキングダム,牡2,55,宮崎 北斗,37.6,492(初出走),大江原 哲,14,0,20,1.4,東南東
15,15,ミスターコクオウ,牡2,55,内田 博幸,39.1,544(初出走),武市 康男,12,0,20,1.4,東南東
16,13,アークウェザー,牡2,55,丹内 祐次,40.2,414(初出走),的場 均,16,0,20,1.4,東南東
,,,,,,,,,,,,,
2019/10/20,4R,,,,,,,,,,,,
1,4,フィオリキアリ,牝2,54,宮崎 北斗,33.6,440(初出走),清水 久詞,5,0,20,1.4,東南東
2,14,エンスロール,牡2,55,A.シュタルケ,33.7,502(初出走),須貝 尚介,4,0,20,1.4,東南東
3,1,メガフロート,牡2,55,石川 裕紀人,34,442(初出走),田中 剛,10,0,20,1.4,東南東
4,17,ショウナンアクア,牡2,55,吉田 豊,34.1,460(初出走),古賀 史生,11,0,20,1.4,東南東
5,11,モノポーラ,牝2,53,☆菊沢 一樹,34.5,422(初出走),林 徹,6,0,20,1.4,東南東
6,18,アイドンノー,牡2,55,松若 風馬,34.7,482(初出走),牧田 和弥,9,0,20,1.4,東南東
7,10,アプローズユウ,牝2,54,津村 明秀,34.2,470(初出走),手塚 貴久,8,0,20,1.4,東南東
8,3,チャムランテソーロ,牡2,55,戸崎 圭太,34,458(初出走),田中 博康,3,0,20,1.4,東南東
9,2,ヒロノホマレボシ,牡2,55,服部 茂史,34.8,434(初出走),蛯名 利弘,17,0,20,1.4,東南東
10,12,マイネルインパクト,牡2,55,丹内 祐次,34.7,474(初出走),高木 登,7,0,20,1.4,東南東
11,15,スパングルドスター,牝2,54,北村 宏司,34.5,444(初出走),藤沢 和雄,1,0,20,1.4,東南東
12,9,グランコマトー,牡2,55,古川 吉洋,35,438(初出走),浜田 多実雄,14,0,20,1.4,東南東
13,6,マルガイグランバロン,牡2,55,大野 拓弥,35,466(初出走),栗田 徹,2,0,20,1.4,東南東
14,16,フィリップクロノス,牡2,52,▲山田 敬士,35.3,456(初出走),小桧山 悟,18,0,20,1.4,東南東
15,13,アプローズパワー,牝2,54,伊藤 工真,35,424(初出走),金成 貴史,15,0,20,1.4,東南東
16,7,パワポケーションズ,牡2,53,△木幡 育也,35.1,416(初出走),鹿戸 雄一,16,0,20,1.4,東南東
17,5,シゲルタイタニア,牡2,54,☆野中 悠太郎,35.8,492(初出走),清水 英克,12,0,20,1.4,東南東
18,8,フクシマトレジャー,牡2,55,武士沢 友治,35.5,438(初出走),小桧山 悟,13,0,20,1.4,東南東
,,,,,,,,,,,,,
2019/10/20,5R,,,,,,,,,,,,
1,1,ゼンノジャスタ,牡2,55,田中 健,34.3,460(+6),浅見 秀一,2,0,20,1.4,東南東
2,10,モーベット,牝2,54,戸崎 圭太,34,454(-16),藤沢 和雄,1,0,20,1.4,東南東
3,4,ホープホワイト,牝2,54,大野 拓弥,35,452(+8),武井 亮,8,0,20,1.4,東南東
4,3,コスモカッティーボ,牡2,55,丹内 祐次,35.3,456(0),畠山 吉宏,7,0,20,1.4,東南東
5,6,テリオスヒメ,牝2,54,松岡 正海,35.9,442(-4),田島 俊明,6,0,20,1.4,東南東
6,9,クイックレス,牝2,54,三浦 皇成,35.2,450(0),中舘 英二,4,0,20,1.4,東南東
7,8,トロワマルス,牝2,52,△木幡 育也,36.4,460(-10),杉浦 宏昭,5,0,20,1.4,東南東
8,5,メイショウベンガル,牡2,55,内田 博幸,35.1,446(0),松永 昌博,3,0,20,1.4,東南東
9,7,カクチダリル,牡2,55,服部 茂史,34.8,442(+4),田中 淳司,11,0,20,1.4,東南東
10,11,レムリアンシード,牡2,55,津村 明秀,35.6,434(0),武藤 善則,10,0,20,1.4,東南東
11,2,マルチアスタウンデッド,牡2,54,☆武藤 雅,36.2,430(+4),小島 茂之,9,0,20,1.4,東南東
,,,,,,,,,,,,,
2019/10/21,1R,,,,,,,,,,,,
1,4,ラブリーエンジェル,牝2,54,武士沢 友治,38.3,432(0),堀井 雅広,5,6,17.9,1.1,北東
2,13,クーレクー,牝2,54,木幡 巧也,38.5,456(-4),伊藤 大士,4,6,17.9,1.1,北東
3,1,ルミナスナイト,牝2,53,☆菊沢 一樹,38.3,496(-4),畠山 吉宏,8,6,17.9,1.1,北東
4,9,ユークレース,牝2,54,丸山 元気,39.9,456(+6),菊沢 隆徳,1,6,17.9,1.1,北東
5,3,セイレーンズベルン,牝2,54,北村 宏司,40,412(+2),加藤 和宏,3,6,17.9,1.1,北東
6,2,レヴィ,牝2,51,▲大塚 海渡,40.4,442(-4),林 徹,9,6,17.9,1.1,北東
7,6,ラララ,牝2,51,▲菅原 明良,39.7,412(-2),武市 康男,11,6,17.9,1.1,北東
8,10,ユラ,牝2,51,▲山田 敬士,39.4,464(+6),小桧山 悟,12,6,17.9,1.1,北東
9,7,エオスモン,牝2,54,岩田 康誠,40.9,460(-6),須貝 尚介,6,6,17.9,1.1,北東
10,8,シェーブルドール,牝2,54,吉田 豊,40.1,466(+6),竹内 正洋,7,6,17.9,1.1,北東
11,12,アスティパレア,牝2,54,松岡 正海,41.6,480(+8),中舘 英二,2,6,17.9,1.1,北東
12,11,アラビアンルビー,牝2,51,▲小林 凌大,42,416(+10),佐藤 吉勝,10,6,17.9,1.1,北東
13,5,コトブキノニ,牝2,52,△木幡 育也,44.2,464(-6),佐藤 吉勝,13,6,17.9,1.1,北東
,,,,,,,,,,,,,
2019/10/21,2R,,,,,,,,,,,,
1,10,セイウンヴィーナス,牝2,53,☆野中 悠太郎,34.5,442(0),本間 忍,9,6,17.9,1.1,北東
2,11,ナリノオルフェ,牡2,55,田辺 裕信,34.5,430(0),上原 博之,8,6,17.9,1.1,北東
3,12,シングンバズーカ,牡2,55,武士沢 友治,35,470(-4),高市 圭二,2,6,17.9,1.1,北東
4,9,スタインウェイ,牡2,55,丸山 元気,35,518(+6),古賀 慎明,6,6,17.9,1.1,北東
5,4,ダイワミラクル,牡2,55,北村 宏司,35.4,502(+6),鹿戸 雄一,3,6,17.9,1.1,北東
6,7,マイネルソラス,牡2,55,丹内 祐次,35.3,466(+4),和田 正一郎,7,6,17.9,1.1,北東
7,13,マイネルチューダ,牡2,55,柴田 大知,36.2,436(+4),奥平 雅士,5,6,17.9,1.1,北東
8,5,ブンロート,牡2,55,木幡 巧也,36.3,508(+2),牧 光二,1,6,17.9,1.1,北東
9,2,セクシーフェイス,牝2,54,石橋 脩,36.5,426(-4),大和田 成,4,6,17.9,1.1,北東
10,3,デルタ,牝2,54,内田 博幸,36.4,444(+4),高橋 文雅,10,6,17.9,1.1,北東
11,14,バルドダンサー,牡2,55,原田 和真,36.1,452(-4),和田 雄二,14,6,17.9,1.1,北東
12,8,セキセキ,牡2,55,杉原 誠人,37.5,448(-2),田中 清隆,13,6,17.9,1.1,北東
13,1,ネガワンニダ,牡2,52,▲菅原 明良,38.5,404(0),本間 忍,12,6,17.9,1.1,北東
14,6,ティナ,牡2,53,△木幡 育也,39.9,356(+2),高柳 瑞樹,11,6,17.9,1.1,北東
,,,,,,,,,,,,,
2019/10/21,3R,,,,,,,,,,,,
1,1,ナリノモンターニュ,牡2,55,田辺 裕信,34,482(-12),上原 博之,2,6,17.9,1.1,北東
2,3,オラコモエスタス,牡2,55,北村 宏司,33.7,494(-2),伊藤 大士,4,6,17.9,1.1,北東
3,6,レイコックアビー,牡2,55,石橋 脩,33.6,478(+10),大竹 正博,3,6,17.9,1.1,北東
4,7,ハーレムシャドウ,牡2,55,福永 祐一,33.8,492(-4),須貝 尚介,1,6,17.9,1.1,北東
5,4,ウォッシュトレード,牡2,55,内田 博幸,34,458(-6),浅野 洋一郎,5,6,17.9,1.1,北東
6,5,トロピカルビーチ,牝2,54,柴田 大知,34.3,420(-4),和田 雄二,6,6,17.9,1.1,北東
7,2,マイネルスタイル,牡2,55,丹内 祐次,34.8,470(-2),小笠 倫弘,8,6,17.9,1.1,北東
8,8,アイシーブルー,牡2,55,江田 照男,35.2,426(0),田村 康仁,9,6,17.9,1.1,北東
9,9,シゲルサソリザ,牡2,52,▲菅原 明良,35.7,444(+2),中野 栄治,7,6,17.9,1.1,北東
,,,,,,,,,,,,,
2019/10/21,4R,,,,,,,,,,,,
1,14,コードジェニック,牡2,55,加藤 祥太,37.1,490(初出走),杉山 晴紀,2,6,17.9,1.1,北東
2,5,オーラソラーレ,牝2,54,丸山 元気,37.3,460(初出走),和田 雄二,3,6,17.9,1.1,北東
3,7,アルヒミスト,牝2,54,柴田 大知,37.5,418(初出走),蛯名 利弘,8,6,17.9,1.1,北東
4,6,ビートザウイングス,牡2,54,☆武藤 雅,36.9,482(初出走),手塚 貴久,7,6,17.9,1.1,北東
5,3,アントニウス,牡2,54,☆横山 武史,37.7,466(初出走),久保田 貴士,4,6,17.9,1.1,北東
6,8,リネンミッション,牝2,54,丸田 恭介,37.4,426(初出走),南田 美知雄,13,6,17.9,1.1,北東
7,2,ニーケススマイル,牡2,55,松岡 正海,37.3,464(初出走),蛯名 利弘,11,6,17.9,1.1,北東
8,10,ジョブックコラード,牡2,52,▲山田 敬士,37.6,444(初出走),小桧山 悟,12,6,17.9,1.1,北東
9,16,ムラサメ,せん2,52,▲菅原 明良,38.9,458(初出走),伊藤 圭三,6,6,17.9,1.1,北東
10,4,クリムゾンオーラ,牝2,53,☆坂井 瑠星,38.9,446(初出走),清水 英克,5,6,17.9,1.1,北東
11,11,エリモグリッター,牡2,55,武 豊,37.5,464(初出走),中野 栄治,1,6,17.9,1.1,北東
12,12,トーセンエンパイア,牡2,55,岩部 純二,37.5,494(初出走),萱野 浩二,16,6,17.9,1.1,北東
13,1,セイスケルツォ,牡2,55,武士沢 友治,37.2,490(初出走),堀井 雅広,9,6,17.9,1.1,北東
14,13,ユメミルユメコ,牝2,54,嶋田 純次,38.6,432(初出走),南田 美知雄,15,6,17.9,1.1,北東
15,15,アポロファルコン,牝2,53,☆菊沢 一樹,38.5,508(初出走),菊沢 隆徳,10,6,17.9,1.1,北東
16,9,プティフルール,牝2,54,吉田 豊,41.6,542(初出走),本間 忍,14,6,17.9,1.1,北東
,,,,,,,,,,,,,
2019/10/21,5R,,,,,,,,,,,,
1,9,シゲルチキュウ,牡2,55,田辺 裕信,33.9,470(初出走),伊藤 圭三,1,6,17.9,1.1,北東
2,15,ソーユーフォリア,牝2,53,☆武藤 雅,33.8,450(初出走),高柳 瑞樹,4,6,17.9,1.1,北東
3,1,マルガイデトロイトテソーロ,牝2,54,大野 拓弥,33.7,468(初出走),高木 登,2,6,17.9,1.1,北東
4,13,オレオレサララ,牝2,54,岩部 純二,35,504(初出走),和田 勇介,15,6,17.9,1.1,北東
5,18,ルージュルパン,牝2,54,石橋 脩,33.9,446(初出走),小笠 倫弘,8,6,17.9,1.1,北東
6,11,シゲルセイウン,牝2,54,木幡 初也,33.9,416(初出走),石毛 善彦,10,6,17.9,1.1,北東
7,2,エルサフィーロ,牡2,55,北村 宏司,34.9,442(初出走),栗田 徹,3,6,17.9,1.1,北東
8,16,リベリアスハート,牡2,55,内田 博幸,34.9,448(初出走),上原 博之,5,6,17.9,1.1,北東
9,10,トゥゲザーアゲイン,牡2,55,松岡 正海,35.1,438(初出走),伊藤 伸一,12,6,17.9,1.1,北東
10,4,ジオパークアポロ,牡2,55,田中 勝春,34.7,436(初出走),田中 剛,13,6,17.9,1.1,北東
11,14,ネイチャーカレン,牡2,54,☆野中 悠太郎,34.7,452(初出走),根本 康広,9,6,17.9,1.1,北東
12,8,リチェルカータ,牝2,51,▲藤田 菜七子,34.4,434(初出走),高橋 文雅,7,6,17.9,1.1,北東
13,7,アテンミラクル,牡2,54,☆菊沢 一樹,35.2,442(初出走),高橋 祥泰,18,6,17.9,1.1,北東
14,5,キッズシタイヒャー,牡2,55,武士沢 友治,34.4,450(初出走),武市 康男,16,6,17.9,1.1,北東
15,12,フィエールボス,牡2,55,丸山 元気,35.2,478(初出走),中野 栄治,11,6,17.9,1.1,北東
16,3,ガナドルメモリア,牝2,54,岩田 康誠,35,450(初出走),杉浦 宏昭,14,6,17.9,1.1,北東
17,17,オモカゲ,牝2,52,△木幡 育也,35.5,448(初出走),本間 忍,17,6,17.9,1.1,北東
18,6,ユラヒメ,牝2,54,木幡 巧也,35.6,436(初出走),新開 幸一,6,6,17.9,1.1,北東
,,,,,,,,,,,,,
2019/10/26,1R,,,,,,,,,,,,
1,3,セントオブゴールド,牡2,55,C.ルメール,33.8,440(-6),木村 哲也,1,0,17.9,1.4,西
2,6,ジューンミュゲ,牝2,54,高田 潤,34.4,442(0),武 英智,2,0,17.9,1.4,西
3,2,ジェロボーム,牝2,54,三浦 皇成,34.8,490(0),古賀 慎明,6,0,17.9,1.4,西
4,8,コスモレペティール,牝2,54,津村 明秀,35.3,428(-10),萱野 浩二,3,0,17.9,1.4,西
5,1,マルターズデセオ,牡2,54,☆武藤 雅,35.2,486(+4),手塚 貴久,5,0,17.9,1.4,西
6,5,ラシカルガイブ,牝2,54,柴田 大知,35.8,438(-2),伊藤 大士,7,0,17.9,1.4,西
7,4,デュープス,牝2,54,武士沢 友治,36,410(-2),星野 忍,8,0,17.9,1.4,西
8,7,カピテル,牡2,55,江田 照男,36,490(+6),宗像 義忠,4,0,17.9,1.4,西
,,,,,,,,,,,,,
2019/10/26,2R,,,,,,,,,,,,
1,2,マイネルデステリョ,牡2,55,津村 明秀,35.4,444(-2),畠山 吉宏,5,0,17.9,1.4,西
2,4,レットミーアウト,牝2,54,戸崎 圭太,35.1,466(-2),水野 貴広,3,0,17.9,1.4,西
3,3,メリディアンローグ,牡2,55,C.ルメール,35,460(-4),藤沢 和雄,1,0,17.9,1.4,西
4,5,コスモタイシ,牡2,55,柴田 大知,36.2,450(+6),高橋 祥泰,6,0,17.9,1.4,西
5,8,クロワルース,牝2,54,川田 将雅,36.3,472(+10),古賀 慎明,2,0,17.9,1.4,西
6,7,ジンジャーマン,牡2,55,田辺 裕信,36.1,494(-4),伊藤 圭三,4,0,17.9,1.4,西
7,6,ダイユウローズ,牝2,54,木幡 巧也,37,504(0),松永 康利,7,0,17.9,1.4,西
8,9,ジャストワン,牡2,54,☆野中 悠太郎,38,498(+6),小西 一男,9,0,17.9,1.4,西
9,1,セイスケルツォ,牡2,54,☆武藤 雅,40.6,492(+2),堀井 雅広,8,0,17.9,1.4,西
,,,,,,,,,,,,,
2019/10/26,3R,,,,,,,,,,,,
1,6,ベイサイドブルー,牡2,55,石橋 脩,36.2,532(-4),矢作 芳人,2,0,17.9,1.4,西
2,5,サンダーブリッツ,牡2,55,大野 拓弥,35.9,480(+8),久保田 貴士,1,0,17.9,1.4,西
3,12,テランガ,牡2,55,M.デムーロ,36.8,458(-8),武 幸四郎,5,0,17.9,1.4,西
4,1,シゲルミカヅキ,牡2,55,戸崎 圭太,36.9,448(-2),伊藤 圭三,3,0,17.9,1.4,西
5,11,スペラメント,牡2,55,横山 典弘,36.4,490(-2),和田 勇介,6,0,17.9,1.4,西
6,14,コパノラクラク,牝2,54,柴田 善臣,37,434(0),和田 勇介,13,0,17.9,1.4,西
7,2,マイネルエスペルト,牡2,55,津村 明秀,37.9,494(-4),水野 貴広,4,0,17.9,1.4,西
8,9,フジコウキ,牡2,54,☆野中 悠太郎,37.4,472(-2),高市 圭二,8,0,17.9,1.4,西
9,4,ラテール,牡2,55,江田 照男,38.7,482(+4),杉浦 宏昭,10,0,17.9,1.4,西
10,7,プロローグナンバー,牡2,55,杉原 誠人,36.8,478(0),根本 康広,15,0,17.9,1.4,西
11,8,シゲルエリス,牡2,55,木幡 巧也,37.3,480(+8),的場 均,11,0,17.9,1.4,西
12,10,コスモケルビン,牡2,55,柴田 大知,38.5,486(+2),佐藤 吉勝,7,0,17.9,1.4,西
13,3,ラブオーソ,牝2,54,内田 博幸,37.4,436(+2),和田 雄二,12,0,17.9,1.4,西
14,13,ショウゲキノノロシ,牡2,55,武士沢 友治,38.1,418(-6),小桧山 悟,14,0,17.9,1.4,西
15,15,メイクルーザー,牝2,54,三浦 皇成,38.6,448(+4),森 秀行,9,0,17.9,1.4,西
,,,,,,,,,,,,,
2019/10/26,4R,,,,,,,,,,,,
1,5,ボンボンショコラ,牝2,54,岩部 純二,37.1,484(初出走),石毛 善彦,6,0,17.9,1.4,西
2,2,キョシンタンカイ,牡2,55,田辺 裕信,37.5,498(初出走),武市 康男,3,0,17.9,1.4,西
3,8,アルヴェント,牝2,54,M.デムーロ,37.2,470(初出走),武 幸四郎,1,0,17.9,1.4,西
4,7,ハリケーンメファ,牝2,54,木幡 巧也,38.1,434(初出走),牧 光二,2,0,17.9,1.4,西
5,1,ユタカサン,牡2,55,吉田 豊,36.6,478(初出走),竹内 正洋,4,0,17.9,1.4,西
6,4,レイニーウェイ,牡2,54,☆武藤 雅,38.4,446(初出走),田島 俊明,5,0,17.9,1.4,西
7,13,アルマザッハーク,牡2,55,三浦 皇成,38.4,498(初出走),田村 康仁,10,0,17.9,1.4,西
8,14,エンフォーサー,牝2,54,北村 宏司,36.4,458(初出走),伊藤 伸一,9,0,17.9,1.4,西
9,3,カラヤン,牡2,55,原田 和真,37.1,480(初出走),小桧山 悟,13,0,17.9,1.4,西
10,11,プーラン,牝2,54,津村 明秀,37.9,482(初出走),清水 英克,7,0,17.9,1.4,西
11,6,ラクロワゼット,牡2,53,△木幡 育也,38.3,480(初出走),和田 勇介,11,0,17.9,1.4,西
12,10,サンヘイワード,牡2,55,武士沢 友治,37.6,458(初出走),青木 孝文,14,0,17.9,1.4,西
13,12,モリトアリュルヒメ,牝2,54,内田 博幸,36.6,530(初出走),堀井 雅広,8,0,17.9,1.4,西
14,9,キンバーライト,牡2,55,大野 拓弥,39.8,494(初出走),畠山 吉宏,12,0,17.9,1.4,西
,,,,,,,,,,,,,
2019/10/26,5R,,,,,,,,,,,,
1,16,アオイクレアトール,牡2,55,戸崎 圭太,34.4,468(初出走),古賀 慎明,3,0,17.9,1.4,西
2,13,コトブキテティス,牝2,53,☆武藤 雅,33.6,438(初出走),田島 俊明,11,0,17.9,1.4,西
3,3,クロノメーター,牡2,55,内田 博幸,34.3,432(初出走),尾形 和幸,5,0,17.9,1.4,西
4,6,ナリノクリスティー,牝2,54,田辺 裕信,35.3,438(初出走),上原 博之,6,0,17.9,1.4,西
5,9,パイネ,牝2,54,C.ルメール,33.2,426(初出走),国枝 栄,1,0,17.9,1.4,西
6,12,スイートクラス,牡2,55,石橋 脩,34,484(初出走),林 徹,4,0,17.9,1.4,西
7,14,カドフィール,牡2,55,木幡 巧也,34.2,428(初出走),尾形 和幸,13,0,17.9,1.4,西
8,4,アンブローニュ,牡2,55,柴田 善臣,35,478(初出走),黒岩 陽一,15,0,17.9,1.4,西
9,7,ナックペガサス,牡2,53,△木幡 育也,35.2,450(初出走),杉浦 宏昭,9,0,17.9,1.4,西
10,11,ピースボヌール,牡2,55,大野 拓弥,34.1,484(初出走),斎藤 誠,10,0,17.9,1.4,西
11,8,グランドストローク,牡2,55,原田 和真,35.1,442(初出走),水野 貴広,17,0,17.9,1.4,西
12,15,マイネルピカソ,牡2,55,柴田 大知,35.1,448(初出走),中野 栄治,16,0,17.9,1.4,西
13,2,ペガサスターボ,牡2,55,北村 宏司,34,502(初出走),勢司 和浩,8,0,17.9,1.4,西
14,10,セブンミラクル,牡2,55,江田 照男,36.6,484(初出走),本間 忍,14,0,17.9,1.4,西
15,5,トラストダーコ,牝2,54,吉田 豊,34.9,446(初出走),高橋 文雅,12,0,17.9,1.4,西
16,1,キングダムウイナー,牡2,55,M.デムーロ,34.5,490(初出走),矢作 芳人,2,0,17.9,1.4,西
17,17,シャンテリー,牝2,54,三浦 皇成,38.4,414(初出走),高橋 義忠,7,0,17.9,1.4,西
,,,,,,,,,,,,,
2019/10/26,6R,異常値あり,,,,,,,,,,,
1,16,デュードヴァン,牡2,55,C.ルメール,36.2,470(初出走),加藤 征弘,1,0,17.9,1.4,西
2,3,ダノンファラオ,牡2,55,三浦 皇成,36.8,526(初出走),矢作 芳人,3,0,17.9,1.4,西
3,9,アストロブレイク,牡2,55,田辺 裕信,36.8,480(初出走),相沢 郁,5,0,17.9,1.4,西
4,10,バイシュラバナ,牡2,55,大野 拓弥,36.8,466(初出走),久保田 貴士,6,0,17.9,1.4,西
5,8,サトノレガリア,牡2,55,戸崎 圭太,36.7,494(初出走),萩原 清,2,0,17.9,1.4,西
6,14,サニートーク,牡2,55,柴田 善臣,37.5,474(初出走),稲垣 幸雄,11,0,17.9,1.4,西
7,5,サンビュート,牡2,55,北村 宏司,38.2,494(初出走),中舘 英二,4,0,17.9,1.4,西
8,15,ロッソビアンコネロ,牡2,55,吉田 豊,37.8,498(初出走),田島 俊明,8,0,17.9,1.4,西
9,6,ケイティランボー,牡2,55,杉原 誠人,38,444(初出走),清水 英克,9,0,17.9,1.4,西
10,2,ダルムシュタット,牡2,54,☆野中 悠太郎,38.8,468(初出走),栗田 徹,10,0,17.9,1.4,西
11,4,ビービーレガロ,牡2,54,☆武藤 雅,37.8,526(初出走),戸田 博文,7,0,17.9,1.4,西
12,12,ドリームフォーミー,牝2,54,原田 和真,38.2,430(初出走),小桧山 悟,16,0,17.9,1.4,西
13,1,タイニーキング,牡2,55,内田 博幸,39.5,480(初出走),堀井 雅広,12,0,17.9,1.4,西
14,13,コーリング,せん2,55,武士沢 友治,39.9,474(初出走),深山 雅史,15,0,17.9,1.4,西
15,11,ベスティー,牝2,54,津村 明秀,42.4,470(初出走),林 徹,13,0,17.9,1.4,西
中止,7,シャイニーコースト,牡2,55,江田 照男,,482(初出走),菊川 正達,14,0,17.9,1.4,西
,,,,,,,,,,,,,
2019/10/26,11R,,,,,,,,,,,,
1,9,リアアメリア,牝2,54,川田 将雅,33,482(+20),中内田 充正,1,0,17.9,1.4,西
2,8,サンクテュエール,牝2,54,C.ルメール,33.6,454(+12),藤沢 和雄,2,0,17.9,1.4,西
3,5,ビッククインバイオ,牝2,54,大野 拓弥,33.9,476(-2),牧 光二,5,0,17.9,1.4,西
4,4,ラインオブダンス,牝2,54,M.デムーロ,33.8,480(+4),矢作 芳人,3,0,17.9,1.4,西
5,6,オータムレッド,牝2,54,石橋 脩,33.9,428(-8),手塚 貴久,6,0,17.9,1.4,西
6,3,ルーチェデラヴィタ,牝2,54,池添 謙一,33.9,434(+2),西村 真幸,4,0,17.9,1.4,西
7,2,ショウナンハレルヤ,牝2,54,三浦 皇成,34.1,450(-12),矢野 英一,7,0,17.9,1.4,西
8,1,オムニプレゼンス,牝2,54,北村 宏司,34.5,436(-2),国枝 栄,8,0,17.9,1.4,西
9,7,カイアワセ,牝2,54,武士沢 友治,34.8,438(+6),星野 忍,9,0,17.9,1.4,西
,,,,,,,,,,,,,
2019/10/27,1R,,,,,,,,,,,,
1,14,プロヴィデンス,牡2,55,北村 友一,36.1,466(0),加藤 士津八,4,0,17.7,0.9,北東
2,2,ヴィクトワールボス,牡2,55,戸崎 圭太,36.2,500(-6),岩戸 孝樹,2,0,17.7,0.9,北東
3,12,ニシノホライゾン,牡2,55,内田 博幸,37.2,500(+6),的場 均,1,0,17.7,0.9,北東
4,8,ハットルヴァン,牡2,55,大野 拓弥,37.1,494(+2),菊沢 隆徳,7,0,17.7,0.9,北東
5,6,ヌンカプト,牡2,55,江田 照男,38.2,442(0),矢野 英一,3,0,17.7,0.9,北東
6,10,チェリーガイア,牝2,53,☆野中 悠太郎,39,464(+4),小西 一男,11,0,17.7,0.9,北東
7,1,クリアミッション,牡2,55,大庭 和弥,38,508(+8),土田 稔,13,0,17.7,0.9,北東
8,3,ビッグワンビリーブ,牡2,55,木幡 巧也,38.9,448(+4),蛯名 利弘,6,0,17.7,0.9,北東
9,9,ジニアテソーロ,牝2,54,田辺 裕信,39.4,452(+6),奥平 雅士,8,0,17.7,0.9,北東
10,15,トゥーヤング,牝2,54,宮崎 北斗,38.9,436(0),小桧山 悟,10,0,17.7,0.9,北東
11,5,クリノテルチャン,牝2,54,横山 和生,39.4,478(+4),高市 圭二,9,0,17.7,0.9,北東
12,13,スズノヤマト,牡2,55,三浦 皇成,39.2,458(-2),高橋 裕,5,0,17.7,0.9,北東
13,7,ゴールデンバッド,牡2,55,松岡 正海,39.1,476(+4),斎藤 誠,14,0,17.7,0.9,北東
14,11,レクレール,牡2,55,武士沢 友治,40,468(+2),堀井 雅広,16,0,17.7,0.9,北東
15,16,ミスターコクオウ,牡2,55,嘉藤 貴行,40.6,552(+8),武市 康男,15,0,17.7,0.9,北東
16,4,ダイヤキングダム,牡2,55,小島 太一,41.2,492(0),大江原 哲,12,0,17.7,0.9,北東
,,,,,,,,,,,,,
2019/10/27,2R,,,,,,,,,,,,
1,2,マルガイオーロラフラッシュ,牝2,54,C.ルメール,34.2,448(+2),藤沢 和雄,1,0,17.7,0.9,北東
2,10,ソヨギ,牝2,54,田辺 裕信,34.9,472(+18),粕谷 昌央,3,0,17.7,0.9,北東
3,12,ムーンライト,牝2,54,川田 将雅,34.6,452(+2),清水 久詞,4,0,17.7,0.9,北東
4,1,グッドマックス,牝2,54,武 豊,34.5,442(-6),堀井 雅広,2,0,17.7,0.9,北東
5,9,アイルショウユー,牝2,54,大野 拓弥,34.4,430(+2),岩戸 孝樹,6,0,17.7,0.9,北東
6,7,マルガイカクシン,牡2,55,戸崎 圭太,35.2,508(0),森 秀行,5,0,17.7,0.9,北東
7,11,アルマカーテナ,牝2,54,石橋 脩,35.5,446(+12),田村 康仁,7,0,17.7,0.9,北東
8,8,ジャポネスク,牝2,54,江田 照男,35,420(+4),高橋 祥泰,10,0,17.7,0.9,北東
9,3,スノープロー,牝2,54,木幡 巧也,34.9,426(-8),中野 栄治,11,0,17.7,0.9,北東
10,6,ベアジェット,牡2,55,横山 和生,36,478(+16),杉浦 宏昭,8,0,17.7,0.9,北東
11,5,カゼニノッテ,牝2,54,大庭 和弥,35.8,446(-2),松永 康利,12,0,17.7,0.9,北東
12,4,ムービーヒロイン,牝2,53,☆野中 悠太郎,36.6,438(+16),田村 康仁,9,0,17.7,0.9,北東
,,,,,,,,,,,,,
2019/10/27,3R,,,,,,,,,,,,
1,13,トーセンタイミング,牡2,55,横山 和生,36.4,464(-2),土田 稔,9,0,17.7,0.9,北東
2,5,シゲルタイタン,牡2,55,三浦 皇成,37.6,478(+8),伊藤 圭三,2,0,17.7,0.9,北東
3,3,マルガイキンバリープロセス,牡2,55,石橋 脩,37.5,504(0),手塚 貴久,4,0,17.7,0.9,北東
4,1,ボントンルレ,牡2,55,M.デムーロ,37.9,466(-4),林 徹,6,0,17.7,0.9,北東
5,9,リブエターナル,牝2,54,幸 英明,38.3,450(-10),田村 康仁,5,0,17.7,0.9,北東
6,2,フィリーズフェスタ,牝2,54,武士沢 友治,38.6,482(-4),武市 康男,8,0,17.7,0.9,北東
7,11,セイカタチバナ,牡2,55,大野 拓弥,38.1,458(-2),南田 美知雄,12,0,17.7,0.9,北東
8,8,アールウェルス,牡2,55,藤岡 佑介,39.4,512(+2),牧浦 充徳,1,0,17.7,0.9,北東
9,4,マルガイマイネルティプトン,牡2,55,内田 博幸,38.1,474(+2),青木 孝文,10,0,17.7,0.9,北東
10,6,グローサーベア,せん2,55,戸崎 圭太,38.8,462(+2),矢野 英一,3,0,17.7,0.9,北東
11,12,ハバチューバー,牡2,54,☆野中 悠太郎,38.1,488(-16),浅野 洋一郎,11,0,17.7,0.9,北東
12,7,ビレッジイーグル,牡2,55,松岡 正海,40.2,488(+10),竹内 正洋,7,0,17.7,0.9,北東
13,10,カシノスペリオル,牡2,55,木幡 巧也,40.3,436(-6),和田 雄二,13,0,17.7,0.9,北東
,,,,,,,,,,,,,
2019/10/27,4R,,,,,,,,,,,,
1,14,アカノニジュウイチ,牝2,54,藤岡 佑介,32.9,438(初出走),尾関 知人,7,0,17.7,0.9,北東
2,16,マカロンパフェ,牝2,54,岩田 康誠,34.1,474(初出走),河内 洋,4,0,17.7,0.9,北東
3,12,シネマトグラフ,牝2,54,C.ルメール,34.1,458(初出走),奥村 武,2,0,17.7,0.9,北東
4,17,フェルハール,牝2,54,川田 将雅,34.8,446(初出走),安田 隆行,1,0,17.7,0.9,北東
5,9,アテナノワール,牝2,54,大野 拓弥,34,478(初出走),久保田 貴士,6,0,17.7,0.9,北東
6,10,ラキャラントシス,牝2,54,北村 友一,34.4,488(初出走),鈴木 伸尋,8,0,17.7,0.9,北東
7,1,ナイントゥファイブ,牝2,54,石橋 脩,33.5,462(初出走),西園 正都,5,0,17.7,0.9,北東
8,11,ウイングシューズ,牝2,54,木幡 巧也,33.9,394(初出走),牧 光二,13,0,17.7,0.9,北東
9,7,ボンボヤージ,牝2,54,武 豊,34.1,418(初出走),梅田 智之,3,0,17.7,0.9,北東
10,18,ヴィエリチカ,牝2,53,☆野中 悠太郎,34.7,452(初出走),相沢 郁,10,0,17.7,0.9,北東
11,3,エナミルク,牝2,54,北村 宏司,34.9,488(初出走),伊藤 大士,12,0,17.7,0.9,北東
12,6,ヤサカパフィー,牝2,54,横山 和生,35.6,462(初出走),水野 貴広,9,0,17.7,0.9,北東
13,8,ペイシャバイカ,牝2,53,☆坂井 瑠星,34.8,496(初出走),蛯名 利弘,11,0,17.7,0.9,北東
14,13,タカンナ,牝2,54,伊藤 工真,33.8,446(初出走),柄崎 孝,15,0,17.7,0.9,北東
15,4,ドナグラツィア,牝2,54,菅原 隆一,36.1,412(初出走),畠山 吉宏,16,0,17.7,0.9,北東
16,15,レイワノサクラ,牝2,54,江田 照男,36.8,454(初出走),大江原 哲,14,0,17.7,0.9,北東
17,5,サマープラネット,牝2,54,宮崎 北斗,34.8,438(初出走),的場 均,18,0,17.7,0.9,北東
18,2,ノーワンタッチミー,牝2,54,松岡 正海,34.8,416(初出走),天間 昭一,17,0,17.7,0.9,北東
,,,,,,,,,,,,,
2019/10/27,5R,,,,,,,,,,,,
1,3,トウケイタンホイザ,牡2,55,北村 宏司,33.7,468(初出走),清水 久詞,6,0,17.7,0.9,北東
2,9,シチリアフレイバー,牡2,55,戸崎 圭太,34.1,468(初出走),久保田 貴士,5,0,17.7,0.9,北東
3,11,エブリワンブラック,牡2,55,武 豊,33.9,496(初出走),武 幸四郎,4,0,17.7,0.9,北東
4,4,ゼノヴァース,牡2,55,C.ルメール,33.5,458(初出走),藤沢 和雄,1,0,17.7,0.9,北東
5,2,ブラックマジック,牡2,55,福永 祐一,34,434(初出走),戸田 博文,3,0,17.7,0.9,北東
6,12,サトノエスペランサ,牡2,55,M.デムーロ,34.3,490(初出走),堀 宣行,2,0,17.7,0.9,北東
7,6,キタノギャラクシー,牡2,55,田辺 裕信,34.5,478(初出走),松永 康利,8,0,17.7,0.9,北東
8,5,ケイアイタカプナ,牡2,55,幸 英明,33.8,456(初出走),田村 康仁,10,0,17.7,0.9,北東
9,8,ブレーナード,牡2,55,三浦 皇成,34.1,426(初出走),高橋 祥泰,7,0,17.7,0.9,北東
10,13,カミノホウオー,牡2,54,☆野中 悠太郎,34,488(初出走),竹内 正洋,9,0,17.7,0.9,北東
11,7,マイネルアンデス,牡2,55,木幡 巧也,34.3,434(初出走),高木 登,11,0,17.7,0.9,北東
12,14,キタノスイセイ,牡2,55,横山 和生,34.7,456(初出走),土田 稔,13,0,17.7,0.9,北東
13,1,サンコディー,牡2,55,松岡 正海,35.5,510(初出走),杉浦 宏昭,12,0,17.7,0.9,北東
14,10,プロトレジーナ,牝2,54,内田 博幸,37.6,440(初出走),浅野 洋一郎,14,0,17.7,0.9,北東