着順,枠,馬番,馬名,性齢,負担重量,騎手,推定上り,馬体重,増減,調教師,単勝人気,降水量,気温,風速,風向,レース,距離,日時
1,2,2,アナンダライト,牡2,55,C.ルメール,36.8,500,-2,田村 康仁,2,0,15.5,1.8,北北東,1,1600,2019/11/2
2,6,6,ファイブリーフ,牡2,52,▲藤田 菜七子,37,500,8,岩戸 孝樹,1,0,15.5,1.8,北北東,1,1600,2019/11/2
3,8,10,アナザーチャンス,牡2,55,江田 照男,37.4,446,2,小笠 倫弘,5,0,15.5,1.8,北北東,1,1600,2019/11/2
4,4,4,リュウノチョッパー,牡2,52,▲山田 敬士,37.3,470,4,伊藤 伸一,3,0,15.5,1.8,北北東,1,1600,2019/11/2
5,1,1,エバンタイユドール,牝2,54,武士沢 友治,37.3,496,-2,高市 圭二,4,0,15.5,1.8,北北東,1,1600,2019/11/2
6,3,3,キヨセ,牡2,55,木幡 巧也,37.8,448,2,新開 幸一,7,0,15.5,1.8,北北東,1,1600,2019/11/2
7,5,5,リネンミッション,牝2,53,☆野中 悠太郎,38.4,430,4,南田 美知雄,6,0,15.5,1.8,北北東,1,1600,2019/11/2
8,7,7,シゲルエリス,牡2,55,田中 勝春,38.6,478,-2,的場 均,8,0,15.5,1.8,北北東,1,1600,2019/11/2
9,7,8,オンザルース,牝2,52,△木幡 育也,38.6,454,-2,大江原 哲,10,0,15.5,1.8,北北東,1,1600,2019/11/2
10,8,9,リードザウイニング,せん2,54,☆武藤 雅,42.3,462,2,武藤 善則,9,0,15.5,1.8,北北東,1,1600,2019/11/2
1,2,2,アナンダライト,牡2,55,C.ルメール,36.8,500,-2,田村 康仁,2,0,15.5,1.8,北北東,2,1300,2019/11/2
2,6,6,ファイブリーフ,牡2,52,▲藤田 菜七子,37,500,8,岩戸 孝樹,1,0,15.5,1.8,北北東,2,1300,2019/11/2
3,8,10,アナザーチャンス,牡2,55,江田 照男,37.4,446,2,小笠 倫弘,5,0,15.5,1.8,北北東,2,1300,2019/11/2
4,4,4,リュウノチョッパー,牡2,52,▲山田 敬士,37.3,470,4,伊藤 伸一,3,0,15.5,1.8,北北東,2,1300,2019/11/2
5,1,1,エバンタイユドール,牝2,54,武士沢 友治,37.3,496,-2,高市 圭二,4,0,15.5,1.8,北北東,2,1300,2019/11/2
6,3,3,キヨセ,牡2,55,木幡 巧也,37.8,448,2,新開 幸一,7,0,15.5,1.8,北北東,2,1300,2019/11/2
7,5,5,リネンミッション,牝2,53,☆野中 悠太郎,38.4,430,4,南田 美知雄,6,0,15.5,1.8,北北東,2,1300,2019/11/2
8,7,7,シゲルエリス,牡2,55,田中 勝春,38.6,478,-2,的場 均,8,0,15.5,1.8,北北東,2,1300,2019/11/2
9,7,8,オンザルース,牝2,52,△木幡 育也,38.6,454,-2,大江原 哲,10,0,15.5,1.8,北北東,2,1300,2019/11/2
10,8,9,リードザウイニング,せん2,54,☆武藤 雅,42.3,462,2,武藤 善則,9,0,15.5,1.8,北北東,2,1300,2019/11/2
1,3,3,レッドライデン,牡2,55,C.スミヨン,35.6,472,8,鹿戸 雄一,2,0,16.8,1.1,東,3,1600,2019/11/2
2,4,6,アルマイナンナ,牝2,53,☆野中 悠太郎,35.8,436,-2,高橋 文雅,6,0,16.8,1.1,東,3,1600,2019/11/2
3,5,8,マルガイコスモクウ,牡2,55,柴田 大知,35.3,456,8,上原 博之,13,0,16.8,1.1,東,3,1600,2019/11/2
4,8,14,スノージュエリー,牝2,51,▲藤田 菜七子,36.3,442,8,根本 康広,4,0,16.8,1.1,東,3,1600,2019/11/2
5,7,12,デルタ,牝2,54,三浦 皇成,35.8,432,-12,高橋 文雅,7,0,16.8,1.1,東,3,1600,2019/11/2
6,4,5,テリオスベル,牝2,54,大野 拓弥,36.3,426,2,田島 俊明,10,0,16.8,1.1,東,3,1600,2019/11/2
7,1,1,ブンロート,牡2,55,石橋 脩,37.8,508,0,牧 光二,3,0,16.8,1.1,東,3,1600,2019/11/2
8,2,2,エンジョイ,牝2,52,△木幡 育也,37.7,452,-4,田村 康仁,5,0,16.8,1.1,東,3,1600,2019/11/2
9,6,10,ヒロノホマレボシ,牡2,52,▲山田 敬士,37.3,422,-12,蛯名 利弘,11,0,16.8,1.1,東,3,1600,2019/11/2
10,8,13,マイネルドゥマン,牡2,55,国分 優作,38.7,470,-4,松山 将樹,12,0,16.8,1.1,東,3,1600,2019/11/2
11,3,4,フィリップクロノス,牡2,54,☆武藤 雅,37.2,458,2,小桧山 悟,14,0,16.8,1.1,東,3,1600,2019/11/2
12,5,7,シゲルタイタニア,牡2,55,嘉藤 貴行,38.2,492,0,清水 英克,9,0,16.8,1.1,東,3,1600,2019/11/2
13,7,11,オーヴァル,牡2,55,松岡 正海,38.9,482,-6,古賀 史生,8,0,16.8,1.1,東,3,1600,2019/11/2
14,6,9,エストロ,牝2,54,C.ルメール,40.3,482,8,萩原 清,1,0,16.8,1.1,東,3,1600,2019/11/2
1,5,6,ビターエンダー,牡2,55,津村 明秀,35,458,-8,相沢 郁,1,0,16.9,1.4,北北西,4,2000,2019/11/2
2,7,11,ロードオマージュ,牡2,55,三浦 皇成,35.2,478,2,尾形 和幸,3,0,16.9,1.4,北北西,4,2000,2019/11/2
3,5,7,プモリテソーロ,牡2,55,大野 拓弥,34.6,482,2,田中 博康,4,0,16.9,1.4,北北西,4,2000,2019/11/2
4,4,4,ソルトキャピタル,牡2,55,C.ルメール,35.7,502,-2,武 英智,2,0,16.9,1.4,北北西,4,2000,2019/11/2
5,4,5,ウインランウェイ,牡2,55,松岡 正海,35.5,424,0,金成 貴史,5,0,16.9,1.4,北北西,4,2000,2019/11/2
6,3,3,アイブランコ,牡2,55,田辺 裕信,35.1,490,6,中野 栄治,6,0,16.9,1.4,北北西,4,2000,2019/11/2
7,1,1,ヒューズライン,牝2,54,国分 優作,35.4,438,0,高橋 祥泰,9,0,16.9,1.4,北北西,4,2000,2019/11/2
8,6,9,マイネルスタイル,牡2,55,柴田 大知,35.4,470,0,小笠 倫弘,11,0,16.9,1.4,北北西,4,2000,2019/11/2
9,7,10,ランサムトラップ,牝2,51,▲藤田 菜七子,35.9,414,-4,根本 康広,7,0,16.9,1.4,北北西,4,2000,2019/11/2
10,6,8,セーリング,牡2,54,☆武藤 雅,35.3,434,6,和田 雄二,8,0,16.9,1.4,北北西,4,2000,2019/11/2
11,8,12,フクシマトレジャー,牡2,55,武士沢 友治,36.9,436,-2,小桧山 悟,13,0,16.9,1.4,北北西,4,2000,2019/11/2
12,2,2,アッシュ,せん2,54,☆野中 悠太郎,38.7,426,-6,田中 博康,10,0,16.9,1.4,北北西,4,2000,2019/11/2
13,8,13,グランクロワ,牡2,55,石橋 脩,37.4,450,-4,大和田 成,12,0,16.9,1.4,北北西,4,2000,2019/11/2
1,2,3,クーファイザナミ,牝2,54,C.ルメール,34.6,412,0,武 幸四郎,2,0,18.2,1.5,東北東,5,1600,2019/11/2
2,4,6,ディヴィニティ,牝2,54,田辺 裕信,34.9,544,0,加藤 征弘,1,0,18.2,1.5,東北東,5,1600,2019/11/2
3,8,15,シェーネメロディ,牝2,54,北村 宏司,34.3,464,0,伊藤 大士,3,0,18.2,1.5,東北東,5,1600,2019/11/2
4,3,4,シャーレ,牝2,54,石橋 脩,34.3,454,0,武市 康男,7,0,18.2,1.5,東北東,5,1600,2019/11/2
5,4,7,ルレーヴドゥリリ,牝2,54,松岡 正海,34.2,488,0,田中 剛,5,0,18.2,1.5,東北東,5,1600,2019/11/2
6,7,13,ロジマジェスティ,牝2,54,三浦 皇成,34,416,0,萩原 清,4,0,18.2,1.5,東北東,5,1600,2019/11/2
7,7,12,ペルージュ,牝2,54,大野 拓弥,34.3,420,0,中川 公成,12,0,18.2,1.5,東北東,5,1600,2019/11/2
8,2,2,ニーズヘッグ,牝2,54,田中 勝春,34.8,482,0,小野 次郎,10,0,18.2,1.5,東北東,5,1600,2019/11/2
9,8,14,グリエクレール,牝2,54,津村 明秀,35.3,446,0,菊沢 隆徳,8,0,18.2,1.5,東北東,5,1600,2019/11/2
10,5,8,ファーマプリン,牝2,52,△木幡 育也,34.9,402,0,深山 雅史,15,0,18.2,1.5,東北東,5,1600,2019/11/2
11,6,10,ライフイズクール,牝2,54,吉田 豊,36.1,490,0,古賀 史生,9,0,18.2,1.5,東北東,5,1600,2019/11/2
12,6,11,サイモンサンバ,牝2,51,▲藤田 菜七子,36.4,472,0,根本 康広,6,0,18.2,1.5,東北東,5,1600,2019/11/2
13,1,1,デイジーテソーロ,牝2,53,☆野中 悠太郎,36.9,418,0,畠山 吉宏,11,0,18.2,1.5,東北東,5,1600,2019/11/2
14,5,9,ディムッター,牝2,54,江田 照男,36.7,464,0,佐藤 吉勝,14,0,18.2,1.5,東北東,5,1600,2019/11/2
15,3,5,シゲルカンムリザ,牝2,51,▲山田 敬士,37.4,448,0,石毛 善彦,13,0,18.2,1.5,東北東,5,1600,2019/11/2
1,8,12,アメリカンベイビー,牡2,55,C.ルメール,36.8,466,0,庄野 靖志,1,0,19,2.5,南東,6,1600,2019/11/2
2,3,3,アイアムイチリュウ,牡2,55,大野 拓弥,37.1,498,0,奥平 雅士,3,0,19,2.5,南東,6,1600,2019/11/2
3,6,9,レーニンテソーロ,牡2,53,△木幡 育也,37.5,502,0,高木 登,2,0,19,2.5,南東,6,1600,2019/11/2
4,8,13,ネオトゥルー,牡2,55,津村 明秀,37.9,484,0,鈴木 伸尋,7,0,19,2.5,南東,6,1600,2019/11/2
5,1,1,アカマツミッチー,牡2,55,木幡 巧也,38.2,450,0,牧 光二,5,0,19,2.5,南東,6,1600,2019/11/2
6,5,6,キークラウン,牡2,52,▲山田 敬士,37.5,492,0,黒岩 陽一,11,0,19,2.5,南東,6,1600,2019/11/2
7,6,8,マイネルエンカント,牡2,55,柴田 大知,38.3,448,0,和田 勇介,10,0,19,2.5,南東,6,1600,2019/11/2
8,7,11,ルヴァンギラ,牡2,55,石橋 脩,38.7,536,0,松田 国英,4,0,19,2.5,南東,6,1600,2019/11/2
9,4,5,サンロックランド,牡2,55,松岡 正海,39.2,502,0,小野 次郎,6,0,19,2.5,南東,6,1600,2019/11/2
10,4,4,リンピオ,牝2,54,三浦 皇成,39,416,0,清水 英克,9,0,19,2.5,南東,6,1600,2019/11/2
11,2,2,ウェリナ,牝2,54,藤岡 佑介,39.9,478,0,中舘 英二,8,0,19,2.5,南東,6,1600,2019/11/2
12,5,7,シゲルカメレオンザ,牡2,55,江田 照男,40,466,0,和田 勇介,12,0,19,2.5,南東,6,1600,2019/11/2
13,7,10,アマゾンクルーズ,牡2,54,☆武藤 雅,40,514,0,小笠 倫弘,13,0,19,2.5,南東,6,1600,2019/11/2
1,4,4,タイセイビジョン,牡2,55,C.ルメール,33.5,460,4,西村 真幸,1,0,18.1,2.9,南東,11,1400,2019/11/2
2,7,8,ビアンフェ,牡2,55,藤岡 佑介,34.4,534,24,中竹 和也,3,0,18.1,2.9,南東,11,1400,2019/11/2
3,5,5,ヴァルナ,牡2,55,C.スミヨン,34.3,476,-16,寺島 良,4,0,18.1,2.9,南東,11,1400,2019/11/2
4,8,10,グランチェイサー,牡2,55,田辺 裕信,34.5,448,0,矢野 英一,6,0,18.1,2.9,南東,11,1400,2019/11/2
5,3,3,グレイトホーン,牡2,55,藤田 菜七子,34.6,472,-6,根本 康広,5,0,18.1,2.9,南東,11,1400,2019/11/2
6,8,9,カップッチョ,牡2,55,江田 照男,34.6,448,8,高市 圭二,8,0,18.1,2.9,南東,11,1400,2019/11/2
7,7,7,カイトレッド,牝2,54,柴田 大知,34.6,448,2,和田 雄二,7,0,18.1,2.9,南東,11,1400,2019/11/2
8,6,6,セイラブミー,牝2,54,三浦 皇成,34.7,452,-6,伊藤 大士,9,0,18.1,2.9,南東,11,1400,2019/11/2
9,2,2,マイネルグリット,牡2,55,国分 優作,35.5,480,2,吉田 直弘,2,0,18.1,2.9,南東,11,1400,2019/11/2
10,1,1,アポロニケ,牝2,54,津村 明秀,36.1,454,0,岩戸 孝樹,10,0,18.1,2.9,南東,11,1400,2019/11/2
1,3,3,メタルスパーク,牡2,55,三浦 皇成,36.1,492,4,伊藤 圭三,1,0,15.6,1.7,北東,1,1400,2019/11/3
2,4,4,ブレイキングバッド,牡2,55,津村 明秀,36.2,478,0,松山 将樹,3,0,15.6,1.7,北東,1,1400,2019/11/3
3,6,6,バルドダンサー,牡2,55,原田 和真,36.8,452,0,和田 雄二,7,0,15.6,1.7,北東,1,1400,2019/11/3
4,1,1,スターファイター,牡2,55,戸崎 圭太,36.8,476,-8,田島 俊明,2,0,15.6,1.7,北東,1,1400,2019/11/3
5,7,7,ニシノカリウド,牡2,54,☆武藤 雅,36.8,468,8,水野 貴広,4,0,15.6,1.7,北東,1,1400,2019/11/3
6,8,9,ジオパークアポロ,牡2,55,田中 勝春,36.5,442,6,田中 剛,9,0,15.6,1.7,北東,1,1400,2019/11/3
7,8,10,アルディビート,牡2,55,吉田 豊,37,464,2,土田 稔,6,0,15.6,1.7,北東,1,1400,2019/11/3
8,5,5,カラヤン,牡2,54,☆菊沢 一樹,36.5,484,4,小桧山 悟,10,0,15.6,1.7,北東,1,1400,2019/11/3
9,2,2,ラテール,牡2,54,☆野中 悠太郎,38,482,0,杉浦 宏昭,5,0,15.6,1.7,北東,1,1400,2019/11/3
10,7,8,ヴォーグロックユー,牡2,55,木幡 巧也,37.8,476,2,牧 光二,8,0,15.6,1.7,北東,1,1400,2019/11/3
1,8,14,ゲンパチマイティー,牡2,55,C.ルメール,39.7,508,-8,牧浦 充徳,1,0,16.2,1.3,北東,2,1600,2019/11/3
2,4,7,アベックフォルス,牡2,55,浜中 俊,39.9,486,10,加藤 士津八,3,0,16.2,1.3,北東,2,1600,2019/11/3
3,3,4,マルガイジュフォン,牡2,55,福永 祐一,39.5,494,0,和田 正一郎,8,0,16.2,1.3,北東,2,1600,2019/11/3
4,4,6,トーセンシグナル,牡2,55,岩部 純二,40.6,498,4,萱野 浩二,6,0,16.2,1.3,北東,2,1600,2019/11/3
5,6,10,アポロファントム,牡2,55,津村 明秀,40.4,456,2,鈴木 伸尋,7,0,16.2,1.3,北東,2,1600,2019/11/3
6,7,12,フィエールボス,牡2,55,内田 博幸,41.7,476,-2,中野 栄治,12,0,16.2,1.3,北東,2,1600,2019/11/3
7,6,11,マルゼンスター,牡2,54,☆菊沢 一樹,40.6,506,0,勢司 和浩,14,0,16.2,1.3,北東,2,1600,2019/11/3
8,2,2,タニセンシロッコ,牡2,55,武士沢 友治,41,448,-2,加藤 士津八,11,0,16.2,1.3,北東,2,1600,2019/11/3
9,2,3,ベルウッドヨウサン,牡2,55,松岡 正海,39.3,496,2,中舘 英二,5,0,16.2,1.3,北東,2,1600,2019/11/3
10,5,8,タイムイズナカヤマ,牡2,55,嘉藤 貴行,41.5,440,0,高市 圭二,13,0,16.2,1.3,北東,2,1600,2019/11/3
11,3,5,マルガイサトノグリアン,牡2,55,戸崎 圭太,41.8,474,6,鹿戸 雄一,2,0,16.2,1.3,北東,2,1600,2019/11/3
12,7,13,ミコドリーム,牝2,54,田辺 裕信,42,482,2,尾形 和幸,10,0,16.2,1.3,北東,2,1600,2019/11/3
13,8,15,スマートクレイン,牝2,54,三浦 皇成,43,522,6,尾関 知人,4,0,16.2,1.3,北東,2,1600,2019/11/3
14,5,9,リバティラン,牝2,53,☆武藤 雅,42.8,406,-4,小桧山 悟,15,0,16.2,1.3,北東,2,1600,2019/11/3
1,3,3,ソーユーフォリア,牝2,54,C.ルメール,33.4,450,0,高柳 瑞樹,1,0,16.5,1.4,北北東,3,1400,2019/11/3
2,8,9,スピードオブラブ,牝2,54,北村 宏司,33.1,438,6,中川 公成,2,0,16.5,1.4,北北東,3,1400,2019/11/3
3,4,4,プラットフォーマー,牝2,54,戸崎 圭太,33.8,436,2,矢野 英一,3,0,16.5,1.4,北北東,3,1400,2019/11/3
4,6,6,リアンフィーユ,牝2,54,田辺 裕信,33.4,452,-4,斎藤 誠,6,0,16.5,1.4,北北東,3,1400,2019/11/3
5,2,2,ルージュルパン,牝2,54,石橋 脩,34.1,444,-2,小笠 倫弘,4,0,16.5,1.4,北北東,3,1400,2019/11/3
6,5,5,ロングヘア,牝2,54,嘉藤 貴行,34.4,478,2,加藤 和宏,9,0,16.5,1.4,北北東,3,1400,2019/11/3
7,1,1,ショウイモン,牝2,53,☆菊沢 一樹,34.4,422,-2,松山 将樹,8,0,16.5,1.4,北北東,3,1400,2019/11/3
8,7,7,ディンブラ,牝2,54,三浦 皇成,35,460,0,上原 博之,5,0,16.5,1.4,北北東,3,1400,2019/11/3
9,8,8,ハワーマハル,牝2,54,武士沢 友治,34.5,454,-4,南田 美知雄,7,0,16.5,1.4,北北東,3,1400,2019/11/3
1,3,3,ソーユーフォリア,牝2,54,C.ルメール,33.4,450,0,高柳 瑞樹,1,0,16.5,1.4,北北東,4,1600,2019/11/3
2,8,9,スピードオブラブ,牝2,54,北村 宏司,33.1,438,6,中川 公成,2,0,16.5,1.4,北北東,4,1600,2019/11/3
3,4,4,プラットフォーマー,牝2,54,戸崎 圭太,33.8,436,2,矢野 英一,3,0,16.5,1.4,北北東,4,1600,2019/11/3
4,6,6,リアンフィーユ,牝2,54,田辺 裕信,33.4,452,-4,斎藤 誠,6,0,16.5,1.4,北北東,4,1600,2019/11/3
5,2,2,ルージュルパン,牝2,54,石橋 脩,34.1,444,-2,小笠 倫弘,4,0,16.5,1.4,北北東,4,1600,2019/11/3
6,5,5,ロングヘア,牝2,54,嘉藤 貴行,34.4,478,2,加藤 和宏,9,0,16.5,1.4,北北東,4,1600,2019/11/3
7,1,1,ショウイモン,牝2,53,☆菊沢 一樹,34.4,422,-2,松山 将樹,8,0,16.5,1.4,北北東,4,1600,2019/11/3
8,7,7,ディンブラ,牝2,54,三浦 皇成,35,460,0,上原 博之,5,0,16.5,1.4,北北東,4,1600,2019/11/3
9,8,8,ハワーマハル,牝2,54,武士沢 友治,34.5,454,-4,南田 美知雄,7,0,16.5,1.4,北北東,4,1600,2019/11/3
1,1,1,スカイグルーヴ,牝2,54,C.ルメール,34.1,440,0,木村 哲也,1,0,17.2,1.5,北東,5,2000,2019/11/3
2,2,2,ナンヨーユウヤク,牡2,54,☆野中 悠太郎,34.6,482,0,杉浦 宏昭,7,0,17.2,1.5,北東,5,2000,2019/11/3
3,8,10,トーセンアーリー,牡2,55,戸崎 圭太,34.4,516,0,小桧山 悟,5,0,17.2,1.5,北東,5,2000,2019/11/3
4,7,8,ダイワストレート,牡2,55,北村 宏司,34.5,468,0,宗像 義忠,9,0,17.2,1.5,北東,5,2000,2019/11/3
5,6,7,ヤシャマル,牡2,55,田辺 裕信,34.5,476,0,尾形 和幸,2,0,17.2,1.5,北東,5,2000,2019/11/3
6,8,11,ノエル,牝2,54,田中 勝春,34.6,482,0,大和田 成,10,0,17.2,1.5,北東,5,2000,2019/11/3
7,7,9,トーセンワンダー,牡2,55,吉田 豊,34.7,498,0,古賀 史生,8,0,17.2,1.5,北東,5,2000,2019/11/3
8,6,6,マンドゥ,牡2,55,三浦 皇成,35.4,456,0,加藤 征弘,3,0,17.2,1.5,北東,5,2000,2019/11/3
9,3,3,シャープレシオ,牡2,55,浜中 俊,35.7,474,0,笹田 和秀,4,0,17.2,1.5,北東,5,2000,2019/11/3
10,4,4,ロドルフォブレイン,牡2,55,石橋 脩,35,542,0,尾関 知人,6,0,17.2,1.5,北東,5,2000,2019/11/3
11,5,5,リョウランセンプー,牡2,54,☆菊沢 一樹,38.3,432,0,伊藤 伸一,11,0,17.2,1.5,北東,5,2000,2019/11/3
1,2,4,マルガイメートルムナール,牡2,55,戸崎 圭太,37.4,500,0,安田 隆行,1,0,17.3,1.5,北東,6,1300,2019/11/3
2,8,15,ジョイウイン,牡2,55,石橋 脩,37.5,476,0,牧 光二,8,0,17.3,1.5,北東,6,1300,2019/11/3
3,8,16,ピシュマニエ,牝2,54,C.ルメール,37.4,456,0,田中 清隆,3,0,17.3,1.5,北東,6,1300,2019/11/3
4,3,5,スルーザリミッツ,牝2,53,☆武藤 雅,37.9,430,0,高柳 瑞樹,5,0,17.3,1.5,北東,6,1300,2019/11/3
5,7,13,マルガイヴァンデリオン,牡2,54,☆野中 悠太郎,37.3,482,0,根本 康広,4,0,17.3,1.5,北東,6,1300,2019/11/3
6,3,6,マロンジェム,牡2,55,内田 博幸,36.8,476,0,稲垣 幸雄,13,0,17.3,1.5,北東,6,1300,2019/11/3
7,2,3,アグードイメル,牡2,55,武士沢 友治,37.4,498,0,小野 次郎,15,0,17.3,1.5,北東,6,1300,2019/11/3
8,1,2,ウィップラッシュ,牝2,53,☆菊沢 一樹,37.7,476,0,菊沢 隆徳,7,0,17.3,1.5,北東,6,1300,2019/11/3
9,4,7,クリスタルムーヴ,牝2,54,嘉藤 貴行,38.7,436,0,佐藤 吉勝,14,0,17.3,1.5,北東,6,1300,2019/11/3
10,1,1,エターナルバディ,牡2,55,池添 謙一,37.9,504,0,武 幸四郎,6,0,17.3,1.5,北東,6,1300,2019/11/3
11,5,9,エクセルマジック,牡2,55,松岡 正海,37.3,466,0,深山 雅史,12,0,17.3,1.5,北東,6,1300,2019/11/3
12,6,12,テイエムブロッコ,せん2,55,菅原 隆一,39.3,494,0,石栗 龍彦,16,0,17.3,1.5,北東,6,1300,2019/11/3
13,5,10,ララソワニエ,牝2,54,柴田 大知,40,428,0,粕谷 昌央,9,0,17.3,1.5,北東,6,1300,2019/11/3
14,4,8,ウィズアウトナイン,牝2,54,吉田 豊,40.5,478,0,小桧山 悟,11,0,17.3,1.5,北東,6,1300,2019/11/3
15,7,14,サクラドロップ,牝2,54,岩部 純二,40.5,452,0,萱野 浩二,10,0,17.3,1.5,北東,6,1300,2019/11/3
16,6,11,ノボユキ,牝2,54,三浦 皇成,40.6,444,0,尾関 知人,2,0,17.3,1.5,北東,6,1300,2019/11/3
1,3,3,ホウオウピースフル,牝2,54,田辺 裕信,33.6,464,0,大竹 正博,2,0,17.7,1.6,北東,8,2000,2019/11/3
2,1,1,アカイイト,牝2,54,石橋 脩,33.7,494,0,中竹 和也,3,0,17.7,1.6,北東,8,2000,2019/11/3
3,2,2,ヒシタイザン,牡2,55,横山 典弘,34,508,2,角田 晃一,4,0,17.7,1.6,北東,8,2000,2019/11/3
4,4,4,ブレッシングレイン,牡2,55,C.ルメール,33.7,486,0,木村 哲也,1,0,17.7,1.6,北東,8,2000,2019/11/3
5,5,5,タイムマシン,牡2,55,福永 祐一,34.2,440,-4,手塚 貴久,5,0,17.7,1.6,北東,8,2000,2019/11/3
1,6,10,サノハニー,牝2,54,田辺 裕信,35.7,470,-2,中野 栄治,8,0,13.3,1.6,東北東,1,1400,2019/11/9
2,4,6,キララ,牝2,54,大野 拓弥,37.4,474,4,田島 俊明,2,0,13.3,1.6,東北東,1,1400,2019/11/9
3,7,12,オーラソラーレ,牝2,54,C.ルメール,37.2,466,6,和田 雄二,1,0,13.3,1.6,東北東,1,1400,2019/11/9
4,8,14,ヒートライトニング,牝2,54,吉田 豊,36.5,460,2,堀井 雅広,3,0,13.3,1.6,東北東,1,1400,2019/11/9
5,6,11,ロードオブイサチル,牝2,53,☆野中 悠太郎,37.6,470,-2,竹内 正洋,7,0,13.3,1.6,東北東,1,1400,2019/11/9
6,5,9,モノポリーアイズ,牝2,54,横山 典弘,37.6,434,0,武井 亮,4,0,13.3,1.6,東北東,1,1400,2019/11/9
7,5,8,アザレ,牝2,54,武士沢 友治,36.9,426,-2,古賀 史生,12,0,13.3,1.6,東北東,1,1400,2019/11/9
8,3,5,ゾールシカ,牝2,54,内田 博幸,37.4,432,2,土田 稔,14,0,13.3,1.6,東北東,1,1400,2019/11/9
9,4,7,オレオレサララ,牝2,54,岩部 純二,38.3,504,0,和田 勇介,10,0,13.3,1.6,東北東,1,1400,2019/11/9
10,2,3,アルヒミスト,牝2,54,柴田 大知,38.4,418,0,蛯名 利弘,9,0,13.3,1.6,東北東,1,1400,2019/11/9
11,3,4,コイツバメカツコ,牝2,51,▲山田 敬士,38.9,424,-6,黒岩 陽一,15,0,13.3,1.6,東北東,1,1400,2019/11/9
12,2,2,スカイティアラ,牝2,52,△木幡 育也,38.7,406,-10,田中 清隆,11,0,13.3,1.6,東北東,1,1400,2019/11/9
13,8,15,シラカバ,牝2,53,☆武藤 雅,38.8,450,-2,戸田 博文,6,0,13.3,1.6,東北東,1,1400,2019/11/9
14,1,1,ポルトベーロ,牝2,54,石橋 脩,38.8,452,2,牧 光二,5,0,13.3,1.6,東北東,1,1400,2019/11/9
15,7,13,グートエーデル,牝2,54,森 泰斗,40,434,-2,金成 貴史,13,0,13.3,1.6,東北東,1,1400,2019/11/9
1,6,11,サンダーブリッツ,牡2,55,大野 拓弥,37.7,480,0,久保田 貴士,1,0,14.4,1.5,北,2,1600,2019/11/9
2,2,3,シゲルミカヅキ,牡2,55,C.ルメール,38.4,452,4,伊藤 圭三,4,0,14.4,1.5,北,2,1600,2019/11/9
3,7,14,ネイチャーカレン,牡2,52,▲藤田 菜七子,37.5,452,0,根本 康広,10,0,14.4,1.5,北,2,1600,2019/11/9
4,5,10,ビービーレガロ,牡2,54,☆武藤 雅,37.3,526,0,戸田 博文,12,0,14.4,1.5,北,2,1600,2019/11/9
5,1,2,スタインウェイ,牡2,55,北村 宏司,38.3,510,-8,古賀 慎明,5,0,14.4,1.5,北,2,1600,2019/11/9
6,6,12,イデアイホマジョル,牡2,55,柴田 大知,38.7,434,0,和田 雄二,8,0,14.4,1.5,北,2,1600,2019/11/9
7,4,8,シゲルメイオウセイ,牡2,55,森 泰斗,39.2,478,2,松山 将樹,15,0,14.4,1.5,北,2,1600,2019/11/9
8,3,6,スウェアー,牡2,53,△木幡 育也,38,508,16,杉浦 宏昭,9,0,14.4,1.5,北,2,1600,2019/11/9
9,8,16,ショウナンアサヤケ,牡2,55,田辺 裕信,39.6,494,-2,武市 康男,3,0,14.4,1.5,北,2,1600,2019/11/9
10,1,1,ベアーズレター,牡2,55,江田 照男,38.5,468,4,佐藤 吉勝,13,0,14.4,1.5,北,2,1600,2019/11/9
11,3,5,ホウオウレガシー,牡2,55,石橋 脩,38.4,478,0,栗田 徹,7,0,14.4,1.5,北,2,1600,2019/11/9
12,5,9,マイネルエスペルト,牡2,55,津村 明秀,39.4,498,4,水野 貴広,6,0,14.4,1.5,北,2,1600,2019/11/9
13,4,7,アールブリッツ,牡2,55,C.スミヨン,40.9,524,2,伊藤 大士,2,0,14.4,1.5,北,2,1600,2019/11/9
14,7,13,ドリームフォーミー,牝2,51,▲山田 敬士,39.3,426,-4,小桧山 悟,16,0,14.4,1.5,北,2,1600,2019/11/9
15,8,15,カズノコクリュウ,牡2,54,☆野中 悠太郎,38.9,474,2,小西 一男,11,0,14.4,1.5,北,2,1600,2019/11/9
16,2,4,モリトアリュルヒメ,牝2,54,武士沢 友治,41.3,526,-4,堀井 雅広,14,0,14.4,1.5,北,2,1600,2019/11/9
1,7,13,スウィートメリナ,牝2,54,田辺 裕信,34.4,424,4,菊川 正達,3,0,14.4,1.4,東,3,1400,2019/11/9
2,5,9,デイトライン,牝2,54,川田 将雅,34.7,440,6,高橋 文雅,4,0,14.4,1.4,東,3,1400,2019/11/9
3,6,11,セイウンパワフル,牡2,55,C.スミヨン,34.3,478,6,斎藤 誠,1,0,14.4,1.4,東,3,1400,2019/11/9
4,8,15,ザンセツ,牡2,55,内田 博幸,33.9,428,-2,古賀 慎明,5,0,14.4,1.4,東,3,1400,2019/11/9
5,7,12,ブラックトマホーク,牡2,55,津村 明秀,34.9,474,4,高木 登,9,0,14.4,1.4,東,3,1400,2019/11/9
6,2,3,シーシーサザン,牝2,51,▲藤田 菜七子,34.3,440,0,武井 亮,2,0,14.4,1.4,東,3,1400,2019/11/9
7,3,4,ハーディン,牡2,55,大野 拓弥,34.9,428,4,佐藤 吉勝,7,0,14.4,1.4,東,3,1400,2019/11/9
8,8,14,フラッグタワー,牡2,53,△木幡 育也,34.3,436,0,和田 正一郎,12,0,14.4,1.4,東,3,1400,2019/11/9
9,3,5,シャチ,牡2,55,吉田 豊,34.2,452,14,小桧山 悟,6,0,14.4,1.4,東,3,1400,2019/11/9
10,1,1,シラカワカツコ,牝2,51,▲山田 敬士,34.4,404,2,伊藤 伸一,13,0,14.4,1.4,東,3,1400,2019/11/9
11,6,10,トゥゲザーアゲイン,牡2,55,北村 宏司,34.8,442,4,伊藤 伸一,14,0,14.4,1.4,東,3,1400,2019/11/9
12,5,8,マイネルキアロ,牡2,55,柴田 大知,35.2,474,-4,清水 英克,10,0,14.4,1.4,東,3,1400,2019/11/9
13,4,6,ワカミヤアトゥ,牡2,54,☆野中 悠太郎,35.7,464,6,稲垣 幸雄,8,0,14.4,1.4,東,3,1400,2019/11/9
14,2,2,ワイルドブリット,牡2,55,武士沢 友治,35.3,436,6,根本 康広,15,0,14.4,1.4,東,3,1400,2019/11/9
15,4,7,セブンミラクル,牡2,55,江田 照男,35.3,480,-4,本間 忍,11,0,14.4,1.4,東,3,1400,2019/11/9
1,8,9,マルガイヴィズサクセス,牡2,55,C.スミヨン,33.3,458,2,手塚 貴久,2,0,15.3,1.5,北,4,1800,2019/11/9
2,4,4,グレイスフルダンス,牝2,54,森 泰斗,34,490,4,斎藤 誠,6,0,15.3,1.5,北,4,1800,2019/11/9
3,8,8,マイネルラクスマン,牡2,55,柴田 大知,34.1,498,18,金成 貴史,7,0,15.3,1.5,北,4,1800,2019/11/9
4,3,3,ソフトフルート,牝2,54,福永 祐一,33.8,466,-2,松田 国英,3,0,15.3,1.5,北,4,1800,2019/11/9
5,1,1,ゼノヴァース,牡2,55,C.ルメール,33.9,464,6,藤沢 和雄,1,0,15.3,1.5,北,4,1800,2019/11/9
6,2,2,ショウナンアクア,牡2,55,吉田 豊,33.9,472,12,古賀 史生,5,0,15.3,1.5,北,4,1800,2019/11/9
7,5,5,レイコックアビー,牡2,55,川田 将雅,34.3,480,2,大竹 正博,4,0,15.3,1.5,北,4,1800,2019/11/9
8,7,7,フェアリーシップ,牝2,54,内田 博幸,34.9,458,-2,石栗 龍彦,8,0,15.3,1.5,北,4,1800,2019/11/9
9,6,6,エスケイサムソン,牡2,55,岩部 純二,34.9,440,0,石毛 善彦,9,0,15.3,1.5,北,4,1800,2019/11/9
1,8,11,メイショウホルダー,牡2,55,福永 祐一,33.5,450,0,高橋 亮,2,0,15.8,1.8,東北東,5,1400,2019/11/9
2,7,8,ユアソーラ,牡2,55,C.ルメール,34.3,466,0,安田 隆行,1,0,15.8,1.8,東北東,5,1400,2019/11/9
3,7,9,ペイシャフェアリー,牝2,51,▲山田 敬士,34.4,460,0,高橋 裕,5,0,15.8,1.8,東北東,5,1400,2019/11/9
4,1,1,ゴールドオーク,牝2,54,横山 典弘,34.1,524,0,石毛 善彦,3,0,15.8,1.8,東北東,5,1400,2019/11/9
5,6,7,ユースフルラヴ,牝2,54,津村 明秀,34,424,0,田中 博康,4,0,15.8,1.8,東北東,5,1400,2019/11/9
6,2,2,ビバーナム,牝2,53,☆武藤 雅,34.2,402,0,武市 康男,8,0,15.8,1.8,東北東,5,1400,2019/11/9
7,3,3,サンタラハシー,牝2,53,☆野中 悠太郎,34.6,468,0,上原 博之,9,0,15.8,1.8,東北東,5,1400,2019/11/9
8,8,10,ユイノリオン,牡2,55,吉田 豊,35.1,428,0,尾関 知人,6,0,15.8,1.8,東北東,5,1400,2019/11/9
9,6,6,トマトトウマ,牝2,54,石橋 脩,35,392,0,牧 光二,7,0,15.8,1.8,東北東,5,1400,2019/11/9
10,5,5,サンキングマン,牝2,54,的場 勇人,35.3,434,0,的場 均,11,0,15.8,1.8,東北東,5,1400,2019/11/9
11,4,4,ラブカワールド,牝2,54,江田 照男,36.4,432,0,蛯名 利弘,10,0,15.8,1.8,東北東,5,1400,2019/11/9
1,6,11,マルガイナイルリバー,牡2,55,C.スミヨン,36.5,552,0,藤原 英昭,2,0,15.9,1.6,東,6,1600,2019/11/9
2,5,9,ツキマデトドケ,牡2,55,福永 祐一,36.9,486,0,田島 俊明,3,0,15.9,1.6,東,6,1600,2019/11/9
3,4,8,エヴィーヴァ,牝2,54,田中 勝春,36.8,472,0,奥村 豊,5,0,15.9,1.6,東,6,1600,2019/11/9
4,8,16,ネヴァタップアウト,牡2,55,津村 明秀,37.6,508,0,鈴木 伸尋,4,0,15.9,1.6,東,6,1600,2019/11/9
5,3,6,アドマイヤルプス,牡2,55,C.ルメール,37.4,550,0,加藤 征弘,1,0,15.9,1.6,東,6,1600,2019/11/9
6,2,3,チャームインレース,牝2,54,北村 宏司,38.2,480,0,中川 公成,6,0,15.9,1.6,東,6,1600,2019/11/9
7,5,10,ラティノス,牡2,55,田辺 裕信,37.3,492,0,小西 一男,7,0,15.9,1.6,東,6,1600,2019/11/9
8,2,4,ペイシャバレー,牝2,51,▲藤田 菜七子,37.5,444,0,高橋 義博,9,0,15.9,1.6,東,6,1600,2019/11/9
9,8,15,キタノエスポワール,牝2,54,的場 勇人,38.2,436,0,高橋 義博,14,0,15.9,1.6,東,6,1600,2019/11/9
10,4,7,ウインスコーグ,牡2,55,森 泰斗,38.6,456,0,青木 孝文,8,0,15.9,1.6,東,6,1600,2019/11/9
11,3,5,エンゼルバイオ,牝2,54,大野 拓弥,40.1,458,0,松山 将樹,13,0,15.9,1.6,東,6,1600,2019/11/9
12,7,13,シゲルダイモス,牡2,52,▲山田 敬士,39.3,454,0,石毛 善彦,16,0,15.9,1.6,東,6,1600,2019/11/9
13,1,2,マルガイコスモアルゴリズム,牝2,54,石橋 脩,40.6,428,0,和田 正一郎,11,0,15.9,1.6,東,6,1600,2019/11/9
14,7,14,ミドゥス,牝2,54,江田 照男,41.7,466,0,大江原 哲,10,0,15.9,1.6,東,6,1600,2019/11/9
15,1,1,キタノタカワシ,牡2,55,吉田 豊,40.9,450,0,土田 稔,15,0,15.9,1.6,東,6,1600,2019/11/9
16,6,12,アオイスター,牝2,53,☆坂井 瑠星,40.6,468,0,和田 雄二,12,0,15.9,1.6,東,6,1600,2019/11/9
1,7,14,メイショウテンスイ,牡2,55,横山 典弘,36.6,506,-6,南井 克巳,4,0,16.5,1.7,北東,9,1400,2019/11/9
2,8,16,ダイメイコリーダ,牡2,55,石橋 脩,36.6,464,-2,森田 直行,10,0,16.5,1.7,北東,9,1400,2019/11/9
3,1,2,オヌシナニモノ,牡2,55,福永 祐一,36.5,462,-2,高橋 義忠,3,0,16.5,1.7,北東,9,1400,2019/11/9
4,5,9,ジェネティクス,牡2,55,C.スミヨン,36.6,508,-2,西村 真幸,1,0,16.5,1.7,北東,9,1400,2019/11/9
5,5,10,ボンボンショコラ,牝2,54,岩部 純二,37.2,478,-6,石毛 善彦,6,0,16.5,1.7,北東,9,1400,2019/11/9
6,3,5,プロヴィデンス,牡2,55,川田 将雅,36.8,466,0,加藤 士津八,2,0,16.5,1.7,北東,9,1400,2019/11/9
7,2,3,タマモアテネ,牝2,54,坂井 瑠星,37.1,472,6,五十嵐 忠男,12,0,16.5,1.7,北東,9,1400,2019/11/9
8,8,15,エクスチェンジ,牝2,54,藤田 菜七子,37.6,474,2,加用 正,13,0,16.5,1.7,北東,9,1400,2019/11/9
9,4,7,スズカコーズマンボ,牡2,55,北村 宏司,36,464,0,伊藤 圭三,8,0,16.5,1.7,北東,9,1400,2019/11/9
10,7,13,アポロセイラン,牡2,55,C.ルメール,37.5,448,-2,中舘 英二,5,0,16.5,1.7,北東,9,1400,2019/11/9
11,3,6,ハルプモント,牡2,55,田辺 裕信,36.4,486,-4,池上 昌和,9,0,16.5,1.7,北東,9,1400,2019/11/9
12,6,12,エスニックソング,牝2,54,田中 勝春,37.1,468,-4,田中 剛,11,0,16.5,1.7,北東,9,1400,2019/11/9
13,1,1,キラービー,牡2,55,津村 明秀,36.8,436,6,青木 孝文,15,0,16.5,1.7,北東,9,1400,2019/11/9
14,4,8,ニシノミンクス,牝2,54,内田 博幸,37.8,452,-2,伊藤 圭三,7,0,16.5,1.7,北東,9,1400,2019/11/9
15,2,4,カクチトーケンマコット,牝2,54,森 泰斗,37.8,420,-4,山本 学,16,0,16.5,1.7,北東,9,1400,2019/11/9
16,6,11,ラブオナヴィータ,牝2,54,吉田 豊,39,456,-4,尾関 知人,14,0,16.5,1.7,北東,9,1400,2019/11/9
1,1,1,ハディア,牡2,55,石橋 脩,37,454,-2,粕谷 昌央,3,0,15.4,2.1,東北東,1,1400,2019/11/10
1,8,14,アポロティアモ,牡2,55,石川 裕紀人,37.2,492,-2,岩戸 孝樹,1,0,15.4,2.1,東北東,1,1400,2019/11/10
3,6,9,インウィクトス,牡2,52,▲山田 敬士,37.4,442,8,小桧山 悟,4,0,15.4,2.1,東北東,1,1400,2019/11/10
4,4,6,アルマザッハーク,牡2,55,三浦 皇成,38.1,496,-2,田村 康仁,6,0,15.4,2.1,東北東,1,1400,2019/11/10
5,6,10,センノベステス,牡2,55,吉田 豊,37.4,476,0,南田 美知雄,7,0,15.4,2.1,東北東,1,1400,2019/11/10
6,3,4,アールウェルス,牡2,55,蛯名 正義,38.4,512,0,牧浦 充徳,2,0,15.4,2.1,東北東,1,1400,2019/11/10
7,7,12,クリアミッション,牡2,55,大庭 和弥,37.6,504,-4,土田 稔,11,0,15.4,2.1,東北東,1,1400,2019/11/10
8,4,5,テントップギヤ,牡2,55,黛 弘人,38.2,454,12,中野 栄治,9,0,15.4,2.1,東北東,1,1400,2019/11/10
9,7,11,マイネルフェラッカ,牡2,55,柴田 大知,38.1,516,-2,伊藤 大士,13,0,15.4,2.1,東北東,1,1400,2019/11/10
10,8,13,ユウヒノプリンス,牡2,54,☆野中 悠太郎,38.4,478,8,加藤 和宏,10,0,15.4,2.1,東北東,1,1400,2019/11/10
11,3,3,エースインザハート,牡2,55,宮崎 北斗,39.1,446,10,高市 圭二,5,0,15.4,2.1,東北東,1,1400,2019/11/10
12,5,7,プエンテデグロリア,牝2,54,北村 宏司,39.2,454,-10,勢司 和浩,8,0,15.4,2.1,東北東,1,1400,2019/11/10
13,2,2,タイムカプセル,牡2,55,杉原 誠人,37.8,434,6,土田 稔,14,0,15.4,2.1,東北東,1,1400,2019/11/10
14,5,8,タイニーキング,牡2,55,武士沢 友治,39.6,482,2,堀井 雅広,12,0,15.4,2.1,東北東,1,1400,2019/11/10
1,4,6,チアチアクラシカ,牝2,54,吉田 豊,33.6,494,4,堀井 雅広,1,0,16,2.3,北東,2,1600,2019/11/10
2,4,5,クリノプレミアム,牝2,54,北村 宏司,34.2,462,6,伊藤 伸一,3,0,16,2.3,北東,2,1600,2019/11/10
3,8,13,コトブキテティス,牝2,53,☆武藤 雅,34.4,434,-4,田島 俊明,2,0,16,2.3,北東,2,1600,2019/11/10
4,6,9,ナゲキッス,牝2,54,江田 照男,35.6,414,-8,大江原 哲,7,0,16,2.3,北東,2,1600,2019/11/10
5,7,11,ジェイケイエピファ,牝2,54,田中 勝春,35.1,460,-2,鹿戸 雄一,4,0,16,2.3,北東,2,1600,2019/11/10
6,7,12,カナタ,牝2,53,☆野中 悠太郎,35.5,486,2,奥村 武,6,0,16,2.3,北東,2,1600,2019/11/10
7,6,10,ポレーナ,牝2,54,柴田 大知,34.9,390,-6,大和田 成,8,0,16,2.3,北東,2,1600,2019/11/10
8,3,4,ミヤコシャンティ,牝2,54,石橋 脩,35.8,430,-2,宗像 義忠,5,0,16,2.3,北東,2,1600,2019/11/10
9,5,8,トゥーヤング,牝2,54,武士沢 友治,35.4,436,0,小桧山 悟,12,0,16,2.3,北東,2,1600,2019/11/10
10,3,3,ホルダンモル,牝2,51,▲山田 敬士,35.6,416,-2,松永 康利,14,0,16,2.3,北東,2,1600,2019/11/10
11,5,7,ソティラス,牝2,54,蛯名 正義,36.1,430,6,加藤 士津八,11,0,16,2.3,北東,2,1600,2019/11/10
12,2,2,チェスナットロール,牝2,53,☆川又 賢治,36.6,438,-10,浅野 洋一郎,10,0,16,2.3,北東,2,1600,2019/11/10
13,1,1,クロキシ,牝2,54,黛 弘人,36,410,14,和田 雄二,9,0,16,2.3,北東,2,1600,2019/11/10
14,8,14,ガナドルメモリア,牝2,52,△木幡 育也,36.4,442,-8,杉浦 宏昭,13,0,16,2.3,北東,2,1600,2019/11/10
1,1,1,ダノンファラオ,牡2,55,三浦 皇成,36.2,522,-4,矢作 芳人,1,0,16.3,2.4,北東,3,1600,2019/11/10
2,4,6,マルガイニュートンテソーロ,牡2,55,大野 拓弥,35.7,486,4,田中 博康,2,0,16.3,2.4,北東,3,1600,2019/11/10
3,7,12,ディーエスプルーフ,牡2,55,江田 照男,37.5,446,6,伊藤 圭三,5,0,16.3,2.4,北東,3,1600,2019/11/10
4,2,2,ケイティランボー,牡2,53,△木幡 育也,38,450,6,清水 英克,11,0,16.3,2.4,北東,3,1600,2019/11/10
5,5,8,ダルムシュタット,牡2,55,田中 勝春,37.3,468,0,栗田 徹,9,0,16.3,2.4,北東,3,1600,2019/11/10
6,8,14,ベストランナー,牡2,55,北村 宏司,38.4,484,-2,岩戸 孝樹,3,0,16.3,2.4,北東,3,1600,2019/11/10
7,3,3,フジコウキ,牡2,54,☆野中 悠太郎,38.4,468,-4,高市 圭二,6,0,16.3,2.4,北東,3,1600,2019/11/10
8,3,4,マイネルエピキュア,牡2,55,柴田 大知,37.9,472,2,和田 雄二,13,0,16.3,2.4,北東,3,1600,2019/11/10
9,7,11,エクセルマジック,牡2,52,▲山田 敬士,37.4,464,-2,深山 雅史,12,0,16.3,2.4,北東,3,1600,2019/11/10
10,8,13,カモンベイビー,牡2,55,鮫島 克駿,39,460,-2,松下 武士,4,0,16.3,2.4,北東,3,1600,2019/11/10
11,4,5,パトローナム,牡2,55,杉原 誠人,38.7,440,2,高橋 文雅,8,0,16.3,2.4,北東,3,1600,2019/11/10
12,5,7,シェーブルドール,牝2,54,吉田 豊,38.6,462,-4,竹内 正洋,10,0,16.3,2.4,北東,3,1600,2019/11/10
13,6,9,トーセンエンパイア,牡2,55,岩部 純二,38.1,498,4,萱野 浩二,14,0,16.3,2.4,北東,3,1600,2019/11/10
14,6,10,マルガイシカゴテソーロ,牝2,53,☆武藤 雅,39.3,478,6,奥平 雅士,7,0,16.3,2.4,北東,3,1600,2019/11/10
1,4,4,ヴォリアーモ,牝2,54,三浦 皇成,33.9,452,-8,木村 哲也,2,0,16.4,2.2,北北東,4,2000,2019/11/10
2,2,2,チャムランテソーロ,牡2,55,大野 拓弥,34.2,466,8,田中 博康,4,0,16.4,2.2,北北東,4,2000,2019/11/10
3,8,11,マイネルインパクト,牡2,55,柴田 大知,34.1,480,6,高木 登,5,0,16.4,2.2,北北東,4,2000,2019/11/10
4,6,7,シェーンクラート,牡2,54,☆野中 悠太郎,35,492,6,黒岩 陽一,3,0,16.4,2.2,北北東,4,2000,2019/11/10
5,6,6,スキルショット,牡2,55,江田 照男,34.6,482,8,加藤 士津八,7,0,16.4,2.2,北北東,4,2000,2019/11/10
6,7,9,プントファイヤー,牡2,55,北村 宏司,35,502,-4,手塚 貴久,1,0,16.4,2.2,北北東,4,2000,2019/11/10
7,8,10,ウインセブリオン,牡2,55,原田 和真,34.8,434,0,金成 貴史,9,0,16.4,2.2,北北東,4,2000,2019/11/10
8,3,3,パラジウムリボン,牝2,51,▲山田 敬士,34.9,406,2,宮 徹,8,0,16.4,2.2,北北東,4,2000,2019/11/10
9,5,5,グロワールポン,牝2,53,☆武藤 雅,35.1,488,-2,田中 清隆,10,0,16.4,2.2,北北東,4,2000,2019/11/10
10,1,1,フォギーショコラ,牡2,55,石川 裕紀人,35.8,438,10,的場 均,6,0,16.4,2.2,北北東,4,2000,2019/11/10
11,7,8,ベアジェット,牡2,53,△木幡 育也,37.2,484,6,杉浦 宏昭,11,0,16.4,2.2,北北東,4,2000,2019/11/10
1,5,5,ダイワクンナナ,牝2,54,北村 宏司,34.8,478,0,国枝 栄,2,0,17.2,1.8,北東,5,1600,2019/11/10
2,6,6,エルメーム,牝2,54,大野 拓弥,35.5,476,0,高木 登,3,0,17.2,1.8,北東,5,1600,2019/11/10
3,4,4,ポテンシャルリアル,牡2,55,石橋 脩,35.2,492,0,西村 真幸,1,0,17.2,1.8,北東,5,1600,2019/11/10
4,2,2,トーセンアストル,牡2,54,☆野中 悠太郎,35.4,470,0,池上 昌和,7,0,17.2,1.8,北東,5,1600,2019/11/10
5,6,7,ガイスラー,牡2,55,三浦 皇成,35.8,458,0,上原 博之,4,0,17.2,1.8,北東,5,1600,2019/11/10
6,1,1,フェレーヌ,牝2,54,田中 勝春,36,424,0,清水 久詞,5,0,17.2,1.8,北東,5,1600,2019/11/10
7,8,10,サンライズスマイル,牡2,55,蛯名 正義,35.4,478,0,牧浦 充徳,6,0,17.2,1.8,北東,5,1600,2019/11/10
8,7,9,ケンシ,牡2,55,柴田 大知,35.8,450,0,黒岩 陽一,9,0,17.2,1.8,北東,5,1600,2019/11/10
9,7,8,リネンエントリー,牝2,53,☆川又 賢治,36.4,438,0,加藤 和宏,11,0,17.2,1.8,北東,5,1600,2019/11/10
10,3,3,スカッターガン,牡2,53,△木幡 育也,36.5,526,0,和田 正一郎,8,0,17.2,1.8,北東,5,1600,2019/11/10
11,8,11,バジーナ,牝2,53,☆武藤 雅,37.8,450,0,高橋 義博,10,0,17.2,1.8,北東,5,1600,2019/11/10
1,6,7,コスモスタック,牡2,54,☆野中 悠太郎,33.7,454,0,堀井 雅広,6,0,17.1,2,東,6,1800,2019/11/10
2,3,3,スレプトン,牡2,55,石橋 脩,33.4,446,0,大和田 成,11,0,17.1,2,東,6,1800,2019/11/10
3,8,12,ラクンパルシータ,牡2,53,△木幡 育也,33.5,482,0,古賀 慎明,1,0,17.1,2,東,6,1800,2019/11/10
4,5,5,ユウチャファスト,牝2,54,北村 宏司,34.5,458,0,中舘 英二,4,0,17.1,2,東,6,1800,2019/11/10
5,4,4,サトノワールド,牡2,55,横山 典弘,34,508,0,国枝 栄,2,0,17.1,2,東,6,1800,2019/11/10
6,2,2,ラウダーテ,牝2,54,柴田 大知,33.7,430,0,鹿戸 雄一,9,0,17.1,2,東,6,1800,2019/11/10
7,7,9,プラチナポイント,牝2,54,石川 裕紀人,34,426,0,高橋 義博,7,0,17.1,2,東,6,1800,2019/11/10
8,6,8,シャドウパイレーツ,牡2,55,大野 拓弥,34.5,488,0,勢司 和浩,5,0,17.1,2,東,6,1800,2019/11/10
9,8,11,トーセンオリジン,牡2,55,田中 勝春,34.3,442,0,宗像 義忠,3,0,17.1,2,東,6,1800,2019/11/10
10,7,10,エフティハヤテ,牡2,55,蛯名 正義,35.1,494,0,粕谷 昌央,10,0,17.1,2,東,6,1800,2019/11/10
11,5,6,ニーマルブラック,牡2,55,三浦 皇成,35.5,498,0,田村 康仁,8,0,17.1,2,東,6,1800,2019/11/10
12,1,1,キタノリベラル,牡2,52,▲山田 敬士,35.1,506,0,小笠 倫弘,12,0,17.1,2,東,6,1800,2019/11/10
1,4,7,コウソクスピード,牡2,55,O.マーフィー,38.4,510,12,中舘 英二,2,0,14.6,1.3,南,1,1400,2019/11/16
2,1,1,アストロブレイク,牡2,55,三浦 皇成,38.1,482,2,相沢 郁,1,0,14.6,1.3,南,1,1400,2019/11/16
3,1,2,ハットルヴァン,牡2,55,大野 拓弥,38.3,502,8,菊沢 隆徳,9,0,14.6,1.3,南,1,1400,2019/11/16
4,2,3,チョゴリザテソーロ,牡2,54,☆武藤 雅,38.4,486,6,畠山 吉宏,11,0,14.6,1.3,南,1,1400,2019/11/16
5,3,5,エバンタイユドール,牝2,54,武士沢 友治,37.6,496,0,高市 圭二,10,0,14.6,1.3,南,1,1400,2019/11/16
6,6,11,ニシノホライゾン,牡2,55,C.ルメール,39.5,504,4,的場 均,3,0,14.6,1.3,南,1,1400,2019/11/16
7,7,14,キョシンタンカイ,牡2,55,田辺 裕信,39.9,500,2,武市 康男,4,0,14.6,1.3,南,1,1400,2019/11/16
8,5,9,ネネサマ,牝2,54,北村 宏司,39.4,458,2,勢司 和浩,5,0,14.6,1.3,南,1,1400,2019/11/16
9,8,16,アグードイメル,牡2,55,原田 和真,38.9,494,-4,小野 次郎,13,0,14.6,1.3,南,1,1400,2019/11/16
10,6,12,マルガイヴァンデリオン,牡2,55,内田 博幸,40,484,2,根本 康広,6,0,14.6,1.3,南,1,1400,2019/11/16
11,4,8,キラークイーン,牝2,54,藤岡 佑介,38.8,444,-6,久保田 貴士,7,0,14.6,1.3,南,1,1400,2019/11/16
12,8,15,ナックライオン,牡2,55,柴田 大知,39.5,514,12,杉浦 宏昭,15,0,14.6,1.3,南,1,1400,2019/11/16
13,3,6,オーヴァル,牡2,55,松岡 正海,39.4,490,8,古賀 史生,12,0,14.6,1.3,南,1,1400,2019/11/16
14,5,10,ブロッケンリング,牝2,54,田中 勝春,40.6,416,4,佐藤 吉勝,14,0,14.6,1.3,南,1,1400,2019/11/16
15,2,4,ハリケーンメファ,牝2,54,石橋 脩,41.6,432,-2,牧 光二,8,0,14.6,1.3,南,1,1400,2019/11/16
16,7,13,キタノシャンティ,牡2,54,☆菊沢 一樹,42.9,486,8,松永 康利,16,0,14.6,1.3,南,1,1400,2019/11/16
1,4,8,サトノフラッグ,牡2,55,O.マーフィー,34.5,492,-2,国枝 栄,1,0,15.2,1.4,東南東,2,2000,2019/11/16
2,5,9,デジマノハナ,牝2,54,横山 典弘,34.5,480,8,武井 亮,6,0,15.2,1.4,東南東,2,2000,2019/11/16
3,3,6,マイネルアンデス,牡2,55,石川 裕紀人,35.1,434,0,高木 登,10,0,15.2,1.4,東南東,2,2000,2019/11/16
4,7,14,エルバルーチェ,牝2,54,田辺 裕信,34.9,454,-6,小島 茂之,8,0,15.2,1.4,東南東,2,2000,2019/11/16
5,2,4,オラコモエスタス,牡2,55,W.ビュイック,35.9,496,2,伊藤 大士,3,0,15.2,1.4,東南東,2,2000,2019/11/16
6,2,3,ブラックマジック,牡2,55,川田 将雅,35.9,436,2,戸田 博文,5,0,15.2,1.4,東南東,2,2000,2019/11/16
7,3,5,マイネルスタイル,牡2,55,津村 明秀,35.6,470,0,小笠 倫弘,9,0,15.2,1.4,東南東,2,2000,2019/11/16
8,6,12,プモリテソーロ,牡2,55,三浦 皇成,36,484,2,田中 博康,4,0,15.2,1.4,東南東,2,2000,2019/11/16
9,4,7,ロッソモラーレ,牡2,55,原田 和真,35.6,444,0,奥平 雅士,13,0,15.2,1.4,東南東,2,2000,2019/11/16
10,7,13,ウインドジャマー,牡2,55,C.ルメール,35.7,480,0,藤沢 和雄,2,0,15.2,1.4,東南東,2,2000,2019/11/16
11,8,16,ピースボヌール,牡2,55,内田 博幸,36.2,492,8,斎藤 誠,12,0,15.2,1.4,東南東,2,2000,2019/11/16
12,1,2,ウインクランベリー,牝2,54,松岡 正海,37.3,402,2,田中 剛,14,0,15.2,1.4,東南東,2,2000,2019/11/16
13,8,15,コスモタイシ,牡2,55,柴田 大知,38.9,458,8,高橋 祥泰,7,0,15.2,1.4,東南東,2,2000,2019/11/16
14,6,11,シゲルパンドラ,牝2,54,大野 拓弥,41.1,470,-4,浅野 洋一郎,15,0,15.2,1.4,東南東,2,2000,2019/11/16
15,1,1,オウサマプリン,牡2,55,大庭 和弥,39.4,476,8,松永 康利,16,0,15.2,1.4,東南東,2,2000,2019/11/16
16,5,10,カミノホウオー,牡2,54,☆野中 悠太郎,41.4,496,8,竹内 正洋,11,0,15.2,1.4,東南東,2,2000,2019/11/16
1,3,6,テンサイドカップ,牝2,54,内田 博幸,36.6,466,8,矢野 英一,4,0,16.5,1.2,東,3,1300,2019/11/16
2,2,3,ダイシンウィット,牡2,55,津村 明秀,38,492,0,小笠 倫弘,11,0,16.5,1.2,東,3,1300,2019/11/16
3,2,4,バルドダンサー,牡2,55,原田 和真,37.8,452,0,和田 雄二,7,0,16.5,1.2,東,3,1300,2019/11/16
4,7,13,バーンパッション,牡2,55,石川 裕紀人,37.8,462,2,中川 公成,3,0,16.5,1.2,東,3,1300,2019/11/16
5,4,7,ピシュマニエ,牝2,54,C.ルメール,38.3,456,0,田中 清隆,1,0,16.5,1.2,東,3,1300,2019/11/16
6,3,5,サイモンバトラー,牡2,55,田辺 裕信,37.1,448,-2,矢野 英一,10,0,16.5,1.2,東,3,1300,2019/11/16
7,1,2,クワトロチェント,牡2,55,R.ムーア,37.2,476,0,新開 幸一,2,0,16.5,1.2,東,3,1300,2019/11/16
8,1,1,スパークジョイ,牝2,54,吉田 豊,37.8,458,6,古賀 史生,8,0,16.5,1.2,東,3,1300,2019/11/16
9,4,8,ルヴァンヴェール,牡2,55,三浦 皇成,37.6,482,-4,竹内 正洋,5,0,16.5,1.2,東,3,1300,2019/11/16
10,5,10,ニーケススマイル,牡2,55,松岡 正海,37.7,464,2,蛯名 利弘,13,0,16.5,1.2,東,3,1300,2019/11/16
11,6,11,リブエターナル,牝2,54,大野 拓弥,38.5,452,2,田村 康仁,12,0,16.5,1.2,東,3,1300,2019/11/16
12,8,16,アルトゥーロ,牡2,55,江田 照男,39,428,6,南田 美知雄,9,0,16.5,1.2,東,3,1300,2019/11/16
13,5,9,ムラサメ,せん2,54,☆野中 悠太郎,39.5,460,2,伊藤 圭三,14,0,16.5,1.2,東,3,1300,2019/11/16
14,7,14,シベーレス,牝2,53,☆武藤 雅,37.9,434,-14,中舘 英二,15,0,16.5,1.2,東,3,1300,2019/11/16
15,6,12,タピオカ,牝2,54,石橋 脩,40.7,490,6,牧 光二,6,0,16.5,1.2,東,3,1300,2019/11/16
16,8,15,エコロファントム,牡2,54,☆菊沢 一樹,37.2,474,4,菊沢 隆徳,16,0,16.5,1.2,東,3,1300,2019/11/16
1,4,4,ライチェフェイス,牡2,55,C.ルメール,34.3,458,0,平田 修,3,0,17.1,1.9,南東,4,1400,2019/11/16
2,7,8,ヴェンチュラスター,牡2,55,R.ムーア,34.4,426,0,小島 茂之,1,0,17.1,1.9,南東,4,1400,2019/11/16
3,8,11,ナリタザクラ,牡2,55,藤岡 佑介,34.2,490,0,高橋 亮,5,0,17.1,1.9,南東,4,1400,2019/11/16
4,8,10,ピクチャーポーズ,牝2,54,O.マーフィー,34.8,438,0,手塚 貴久,2,0,17.1,1.9,南東,4,1400,2019/11/16
5,3,3,イエローポピー,牝2,53,☆武藤 雅,34.7,426,0,水野 貴広,6,0,17.1,1.9,南東,4,1400,2019/11/16
6,7,9,ココリミッション,牡2,55,北村 宏司,35.2,446,0,古賀 慎明,4,0,17.1,1.9,南東,4,1400,2019/11/16
7,5,5,ヴィーヴァメジロ,牡2,55,石川 裕紀人,35.2,474,0,勢司 和浩,10,0,17.1,1.9,南東,4,1400,2019/11/16
8,2,2,ゼンダンラビット,牝2,54,松岡 正海,35.6,440,0,藤原 辰雄,8,0,17.1,1.9,南東,4,1400,2019/11/16
9,6,6,ラブキーセキ,牝2,54,石橋 脩,35.1,396,0,大和田 成,7,0,17.1,1.9,南東,4,1400,2019/11/16
10,1,1,エピクレーシス,牝2,53,☆野中 悠太郎,35.7,446,0,小西 一男,9,0,17.1,1.9,南東,4,1400,2019/11/16
11,6,7,ダフネオドラ,牡2,54,☆菊沢 一樹,37,458,0,中野 栄治,11,0,17.1,1.9,南東,4,1400,2019/11/16
1,3,5,ルーツドール,牝2,54,C.ルメール,34.2,524,0,藤岡 健一,2,0,17.3,2.5,東,5,1600,2019/11/16
2,2,3,ゴルトベルク,牝2,54,O.マーフィー,34.8,412,0,手塚 貴久,1,0,17.3,2.5,東,5,1600,2019/11/16
3,5,10,ウインキートス,牝2,54,松岡 正海,34.8,442,0,宗像 義忠,4,0,17.3,2.5,東,5,1600,2019/11/16
4,4,8,カウイダンス,牝2,54,津村 明秀,34.8,456,0,相沢 郁,3,0,17.3,2.5,東,5,1600,2019/11/16
5,4,7,トクシーズファー,牝2,53,☆武藤 雅,35.2,432,0,戸田 博文,7,0,17.3,2.5,東,5,1600,2019/11/16
6,7,13,トキメキ,牝2,54,大野 拓弥,34.4,474,0,斎藤 誠,11,0,17.3,2.5,東,5,1600,2019/11/16
7,1,2,ポートメイリオン,牝2,54,三浦 皇成,35.3,420,0,尾形 和幸,10,0,17.3,2.5,東,5,1600,2019/11/16
8,2,4,ハワイアンムーン,牝2,54,川田 将雅,35.9,460,0,鹿戸 雄一,5,0,17.3,2.5,東,5,1600,2019/11/16
9,1,1,クロトノーナ,牝2,54,石橋 脩,35.1,402,0,大和田 成,6,0,17.3,2.5,東,5,1600,2019/11/16
10,3,6,キタノアゲイン,牝2,53,☆野中 悠太郎,35.3,422,0,松永 康利,13,0,17.3,2.5,東,5,1600,2019/11/16
11,7,14,ケイティヒマワリ,牝2,54,柴田 大知,35.3,420,0,勢司 和浩,12,0,17.3,2.5,東,5,1600,2019/11/16
12,6,11,ヴァイオレット,牝2,54,柴山 雄一,35.2,434,0,小桧山 悟,17,0,17.3,2.5,東,5,1600,2019/11/16
13,5,9,ミッキーベル,牝2,53,☆菊沢 一樹,36.1,430,0,菊沢 隆徳,8,0,17.3,2.5,東,5,1600,2019/11/16
14,8,17,ピュアファンタジー,牝2,54,江田 照男,36,468,0,蛯名 利弘,15,0,17.3,2.5,東,5,1600,2019/11/16
15,6,12,ホッコージュンレイ,牝2,54,北村 宏司,35.4,440,0,松永 康利,9,0,17.3,2.5,東,5,1600,2019/11/16
16,8,15,エリーフォース,牝2,54,吉田 豊,37.7,442,0,土田 稔,16,0,17.3,2.5,東,5,1600,2019/11/16
17,8,16,ホークスタントン,牝2,54,石川 裕紀人,39.3,442,0,中川 公成,14,0,17.3,2.5,東,5,1600,2019/11/16
1,4,4,アヌラーダプラ,牝2,54,三浦 皇成,33.3,464,0,萩原 清,1,0,18.6,2.3,南東,6,1400,2019/11/16
2,2,2,コミカライズ,牝2,54,C.ルメール,34.5,454,10,和田 勇介,3,0,18.6,2.3,南東,6,1400,2019/11/16
3,7,8,グランチェイサー,牡2,55,O.マーフィー,34.9,446,-2,矢野 英一,2,0,18.6,2.3,南東,6,1400,2019/11/16
4,8,10,バトルカグヤ,牝2,54,津村 明秀,34.3,454,-6,本田 優,7,0,18.6,2.3,南東,6,1400,2019/11/16
5,7,7,メルテッドハニー,牝2,53,☆野中 悠太郎,34.4,398,8,大江原 哲,6,0,18.6,2.3,南東,6,1400,2019/11/16
6,8,9,マルガイプライモーディアル,牡2,55,W.ビュイック,35,482,2,黒岩 陽一,4,0,18.6,2.3,南東,6,1400,2019/11/16
7,6,6,ハワーマハル,牝2,54,江田 照男,34.2,454,0,南田 美知雄,8,0,18.6,2.3,南東,6,1400,2019/11/16
8,5,5,コパノビアンカ,牝2,54,田辺 裕信,35.6,434,12,林 徹,5,0,18.6,2.3,南東,6,1400,2019/11/16
9,3,3,オレオレサララ,牝2,54,大庭 和弥,35.2,500,-4,和田 勇介,9,0,18.6,2.3,南東,6,1400,2019/11/16
10,1,1,ユウヒノプリンス,牡2,54,☆菊沢 一樹,34.6,472,-6,加藤 和宏,10,0,18.6,2.3,南東,6,1400,2019/11/16
1,6,6,コントレイル,牡2,55,R.ムーア,33.1,456,0,矢作 芳人,1,0,17.8,2.3,東南東,11,1800,2019/11/16
2,5,5,アルジャンナ,牡2,55,川田 将雅,33.6,458,-2,池江 泰寿,2,0,17.8,2.3,東南東,11,1800,2019/11/16
3,1,1,ラインベック,牡2,55,W.ビュイック,34.9,460,4,友道 康夫,3,0,17.8,2.3,東南東,11,1800,2019/11/16
4,3,3,マルガイオーロラフラッシュ,牝2,54,C.ルメール,34.3,446,-2,藤沢 和雄,4,0,17.8,2.3,東南東,11,1800,2019/11/16
5,2,2,リグージェ,牡2,55,O.マーフィー,35.2,470,2,木村 哲也,5,0,17.8,2.3,東南東,11,1800,2019/11/16
6,8,8,マイネルデステリョ,牡2,55,津村 明秀,36.3,450,6,畠山 吉宏,7,0,17.8,2.3,東南東,11,1800,2019/11/16
7,4,4,ゼンノジャスタ,牡2,55,田中 健,35.8,468,8,浅見 秀一,6,0,17.8,2.3,東南東,11,1800,2019/11/16
8,7,7,ソウルトレイン,牡2,55,石橋 脩,36.3,456,0,西村 真幸,8,0,17.8,2.3,東南東,11,1800,2019/11/16
1,6,11,フランジヴェント,牝2,54,丸山 元気,35,456,-4,金成 貴史,2,0,15.6,1.7,西北西,1,1400,2019/11/17
2,1,2,タイキラッシュ,牡2,55,大野 拓弥,34.5,504,4,高木 登,1,0,15.6,1.7,西北西,1,1400,2019/11/17
3,2,4,マイネルチューダ,牡2,55,柴田 大知,35.7,440,4,奥平 雅士,4,0,15.6,1.7,西北西,1,1400,2019/11/17
4,3,6,マヤチャン,牝2,54,浜中 俊,34.4,430,-8,中舘 英二,8,0,15.6,1.7,西北西,1,1400,2019/11/17
5,8,16,ダイチヴィット,牡2,55,江田 照男,35.1,444,14,竹内 正洋,13,0,15.6,1.7,西北西,1,1400,2019/11/17
6,2,3,セレーネグランツ,牝2,54,M.デムーロ,35.5,432,-6,加藤 征弘,3,0,15.6,1.7,西北西,1,1400,2019/11/17
7,7,15,ネイジュ,牝2,54,三浦 皇成,35.4,444,10,中川 公成,5,0,15.6,1.7,西北西,1,1400,2019/11/17
8,3,5,クインズラプソディ,牝2,54,石橋 脩,35.9,442,8,加藤 和宏,6,0,15.6,1.7,西北西,1,1400,2019/11/17
9,4,7,サマープラネット,牝2,54,宮崎 北斗,34.5,434,-4,的場 均,18,0,15.6,1.7,西北西,1,1400,2019/11/17
10,8,17,ブラックスプルース,牝2,53,☆武藤 雅,36.3,460,0,伊藤 圭三,12,0,15.6,1.7,西北西,1,1400,2019/11/17
11,5,10,ドバウィビクトリー,牡2,55,嘉藤 貴行,35.1,448,-8,稲垣 幸雄,15,0,15.6,1.7,西北西,1,1400,2019/11/17
12,5,9,グランドストローク,牡2,55,伊藤 工真,35.4,446,4,水野 貴広,16,0,15.6,1.7,西北西,1,1400,2019/11/17
13,1,1,デュープス,牝2,54,武士沢 友治,36.2,412,2,星野 忍,11,0,15.6,1.7,西北西,1,1400,2019/11/17
14,7,14,チンクエテッレ,牝2,54,田辺 裕信,36.5,406,10,佐藤 吉勝,10,0,15.6,1.7,西北西,1,1400,2019/11/17
15,7,13,エリーストーム,牝2,53,☆野中 悠太郎,37,422,-6,本間 忍,7,0,15.6,1.7,西北西,1,1400,2019/11/17
16,8,18,アルヘンルーラー,牝2,54,吉田 豊,36.4,424,2,南田 美知雄,17,0,15.6,1.7,西北西,1,1400,2019/11/17
17,4,8,ファールカルテ,牝2,54,原田 和真,37.2,432,14,栗田 徹,14,0,15.6,1.7,西北西,1,1400,2019/11/17
18,6,12,グランバル,牡2,55,北村 友一,38.5,464,-2,和田 雄二,9,0,15.6,1.7,西北西,1,1400,2019/11/17
1,2,3,アテナノワール,牝2,54,岩田 康誠,35.4,476,-2,久保田 貴士,6,0,17.2,1.3,北北西,2,1800,2019/11/17
2,1,1,シャトン,牝2,53,☆野中 悠太郎,35.2,450,-2,高橋 文雅,8,0,17.2,1.3,北北西,2,1800,2019/11/17
3,7,14,ジューンミュゲ,牝2,54,大野 拓弥,34.4,440,-2,武 英智,1,0,17.2,1.3,北北西,2,1800,2019/11/17
4,8,17,パイネ,牝2,54,石橋 脩,34.2,426,0,国枝 栄,2,0,17.2,1.3,北北西,2,1800,2019/11/17
5,4,7,スパングルドスター,牝2,54,M.デムーロ,34.3,444,0,藤沢 和雄,5,0,17.2,1.3,北北西,2,1800,2019/11/17
6,3,6,シンドラー,牝2,54,北村 宏司,34.8,480,0,木村 哲也,3,0,17.2,1.3,北北西,2,1800,2019/11/17
7,8,16,ブランシュフルール,牝2,54,北村 友一,34.3,440,2,大竹 正博,4,0,17.2,1.3,北北西,2,1800,2019/11/17
8,6,12,スパニッシュアート,牝2,54,三浦 皇成,35.1,414,8,戸田 博文,10,0,17.2,1.3,北北西,2,1800,2019/11/17
9,1,2,ダイユウローズ,牝2,54,吉田 豊,35.7,502,-2,松永 康利,12,0,17.2,1.3,北北西,2,1800,2019/11/17
10,4,8,ソヨギ,牝2,54,田辺 裕信,36.3,470,-2,粕谷 昌央,7,0,17.2,1.3,北北西,2,1800,2019/11/17
11,7,13,ヒューズライン,牝2,54,宮崎 北斗,35.3,438,0,高橋 祥泰,13,0,17.2,1.3,北北西,2,1800,2019/11/17
12,5,10,ルレーヴドゥリリ,牝2,54,江田 照男,35.7,484,-4,田中 剛,9,0,17.2,1.3,北北西,2,1800,2019/11/17
13,2,4,ラシカルガイブ,牝2,54,柴田 大知,36.3,438,0,伊藤 大士,15,0,17.2,1.3,北北西,2,1800,2019/11/17
14,6,11,ラカルマ,牝2,54,武士沢 友治,35.5,466,-6,杉浦 宏昭,16,0,17.2,1.3,北北西,2,1800,2019/11/17
15,5,9,オンザルース,牝2,54,柴田 善臣,36.6,458,4,大江原 哲,17,0,17.2,1.3,北北西,2,1800,2019/11/17
16,3,5,ニシノハナミズキ,牝2,52,△木幡 育也,36.7,502,-8,古賀 慎明,14,0,17.2,1.3,北北西,2,1800,2019/11/17
17,8,15,マオノエピ,牝2,53,☆武藤 雅,38.2,474,0,黒岩 陽一,11,0,17.2,1.3,北北西,2,1800,2019/11/17
1,5,9,チュウワジョーダン,牡2,55,丸山 元気,34.7,444,8,林 徹,4,0,17.5,1.5,北北東,3,1600,2019/11/17
2,6,11,シングンバズーカ,牡2,55,武士沢 友治,34.1,470,0,高市 圭二,1,0,17.5,1.5,北北東,3,1600,2019/11/17
3,3,5,オンリーワンボーイ,牡2,55,北村 友一,34.9,444,2,斎藤 誠,6,0,17.5,1.5,北北東,3,1600,2019/11/17
4,7,13,ダイワミラクル,牡2,55,三浦 皇成,34.8,496,-6,鹿戸 雄一,3,0,17.5,1.5,北北東,3,1600,2019/11/17
5,5,10,シャンボールロッソ,牝2,53,☆武藤 雅,34.3,426,-2,武藤 善則,5,0,17.5,1.5,北北東,3,1600,2019/11/17
6,8,17,ナリノオルフェ,牡2,55,田辺 裕信,34.4,436,6,上原 博之,2,0,17.5,1.5,北北東,3,1600,2019/11/17
7,8,18,トリッキーカフェ,牡2,55,柴田 善臣,34.7,454,2,和田 勇介,7,0,17.5,1.5,北北東,3,1600,2019/11/17
8,7,14,マリノヴィヴィアナ,牝2,54,吉田 豊,35.1,456,0,松永 康利,9,0,17.5,1.5,北北東,3,1600,2019/11/17
9,8,16,コンカルノー,牝2,54,岩田 康誠,34.6,448,2,菊川 正達,8,0,17.5,1.5,北北東,3,1600,2019/11/17
10,2,3,セイカタチバナ,牡2,55,宮崎 北斗,35.2,464,6,南田 美知雄,10,0,17.5,1.5,北北東,3,1600,2019/11/17
11,2,4,マイネルドゥマン,牡2,55,柴田 大知,35.4,468,-2,松山 将樹,13,0,17.5,1.5,北北東,3,1600,2019/11/17
12,7,15,ワールドピース,牡2,55,北村 宏司,35.6,486,4,奥村 武,14,0,17.5,1.5,北北東,3,1600,2019/11/17
13,3,6,スタジアムロック,牡2,53,△木幡 育也,35.5,478,6,清水 英克,11,0,17.5,1.5,北北東,3,1600,2019/11/17
14,1,2,ブルーベル,牡2,55,岩部 純二,35.9,442,8,堀井 雅広,18,0,17.5,1.5,北北東,3,1600,2019/11/17
15,1,1,パトローナム,牡2,54,☆野中 悠太郎,35.1,440,0,高橋 文雅,12,0,17.5,1.5,北北東,3,1600,2019/11/17
16,6,12,トゥインクルウェイ,牝2,54,伊藤 工真,36.1,454,-8,林 徹,16,0,17.5,1.5,北北東,3,1600,2019/11/17
17,4,8,ワールドウィスラー,牡2,54,☆菊沢 一樹,35.4,444,-2,深山 雅史,17,0,17.5,1.5,北北東,3,1600,2019/11/17
18,4,7,ソドゥバスク,牡2,55,大野 拓弥,35.2,462,-2,黒岩 陽一,15,0,17.5,1.5,北北東,3,1600,2019/11/17
1,7,14,フルデプスリーダー,牡2,55,M.デムーロ,37,474,12,斎藤 誠,1,0,18,1.8,北北東,4,1600,2019/11/17
2,6,12,セイユメアカリ,牡2,55,北村 宏司,37.4,442,10,浅野 洋一郎,8,0,18,1.8,北北東,4,1600,2019/11/17
3,4,7,アイアムイチリュウ,牡2,55,大野 拓弥,37.3,502,4,奥平 雅士,2,0,18,1.8,北北東,4,1600,2019/11/17
4,6,11,カッチョカバロ,牡2,55,石橋 脩,38.1,490,0,牧 光二,6,0,18,1.8,北北東,4,1600,2019/11/17
5,5,10,シゲルタイタン,牡2,55,三浦 皇成,37.9,476,-2,伊藤 圭三,3,0,18,1.8,北北東,4,1600,2019/11/17
6,5,9,グラスディアブロ,牡2,55,嶋田 純次,37.7,456,4,手塚 貴久,15,0,18,1.8,北北東,4,1600,2019/11/17
7,7,13,アベックフォルス,牡2,55,浜中 俊,38.9,490,4,加藤 士津八,4,0,18,1.8,北北東,4,1600,2019/11/17
8,2,3,サンロックランド,牡2,55,丸山 元気,37.3,504,2,小野 次郎,11,0,18,1.8,北北東,4,1600,2019/11/17
9,8,16,アナザーチャンス,牡2,55,江田 照男,38.3,444,-2,小笠 倫弘,7,0,18,1.8,北北東,4,1600,2019/11/17
10,1,1,グッドフェイム,牝2,53,☆菊沢 一樹,37.7,468,0,和田 正一郎,13,0,18,1.8,北北東,4,1600,2019/11/17
11,1,2,コパノラクラク,牝2,54,柴田 善臣,38.4,434,0,和田 勇介,10,0,18,1.8,北北東,4,1600,2019/11/17
12,4,8,ボントンルレ,牡2,55,岩田 康誠,38.7,464,-2,林 徹,9,0,18,1.8,北北東,4,1600,2019/11/17
13,8,15,ユタカサン,牡2,55,吉田 豊,38.8,482,4,竹内 正洋,5,0,18,1.8,北北東,4,1600,2019/11/17
14,3,5,ハバチューバー,牡2,55,岩部 純二,39.7,494,6,浅野 洋一郎,16,0,18,1.8,北北東,4,1600,2019/11/17
15,3,6,ホウオウシーダー,牝2,54,北村 友一,40,480,-4,奥村 武,12,0,18,1.8,北北東,4,1600,2019/11/17
16,2,4,シゲルタイタニア,牡2,55,嘉藤 貴行,39.7,494,2,清水 英克,14,0,18,1.8,北北東,4,1600,2019/11/17
1,6,10,ガロアクリーク,牡2,54,☆野中 悠太郎,33.5,500,0,上原 博之,6,0,18.7,1.8,北,5,2000,2019/11/17
2,5,9,マルガイトーヨースターオー,牡2,55,吉田 豊,33.9,536,0,土田 稔,4,0,18.7,1.8,北,5,2000,2019/11/17
3,8,15,マルガイショウナンバトラー,牡2,53,△木幡 育也,33.9,498,0,奥村 武,14,0,18.7,1.8,北,5,2000,2019/11/17
4,3,5,ガニュメデスレイ,牡2,55,北村 友一,33.9,416,0,庄野 靖志,10,0,18.7,1.8,北,5,2000,2019/11/17
5,2,2,テルヌーラ,牝2,54,丸山 元気,34.6,454,0,木村 哲也,1,0,18.7,1.8,北,5,2000,2019/11/17
6,8,14,ミッキーパンチ,牡2,55,三浦 皇成,33.6,448,0,国枝 栄,3,0,18.7,1.8,北,5,2000,2019/11/17
7,3,4,ウインアルカンナ,牝2,54,原田 和真,34,446,0,武市 康男,13,0,18.7,1.8,北,5,2000,2019/11/17
8,6,11,パースピレーション,牡2,55,大野 拓弥,34.2,472,0,田村 康仁,11,0,18.7,1.8,北,5,2000,2019/11/17
9,4,7,レッドヴァレリー,牡2,55,田辺 裕信,34.1,490,0,小島 茂之,5,0,18.7,1.8,北,5,2000,2019/11/17
10,4,6,ダンケシャイン,牡2,55,北村 宏司,34.7,522,0,斎藤 誠,15,0,18.7,1.8,北,5,2000,2019/11/17
11,5,8,ソルメンシス,牡2,55,江田 照男,35.4,486,0,菊川 正達,12,0,18.7,1.8,北,5,2000,2019/11/17
12,1,1,オプティマス,牡2,55,M.デムーロ,35,474,0,国枝 栄,2,0,18.7,1.8,北,5,2000,2019/11/17
13,7,12,イグニタス,牡2,55,石橋 脩,34.9,494,0,池江 泰寿,9,0,18.7,1.8,北,5,2000,2019/11/17
14,2,3,マルガイセイウンソルジャー,牡2,54,☆武藤 雅,37.3,516,0,水野 貴広,7,0,18.7,1.8,北,5,2000,2019/11/17
15,7,13,ソウルオブジョン,牡2,55,岩田 康誠,37.2,512,0,中竹 和也,8,0,18.7,1.8,北,5,2000,2019/11/17
1,7,13,ティートラップ,牡2,55,北村 友一,36.7,448,0,五十嵐 忠男,3,0,18.7,1.5,北,6,1400,2019/11/17
2,6,11,スノートレイン,牡2,55,岩田 康誠,37.1,438,0,友道 康夫,1,0,18.7,1.5,北,6,1400,2019/11/17
3,1,1,ロゼキルシュ,牝2,54,三浦 皇成,37.8,474,0,杉山 晴紀,2,0,18.7,1.5,北,6,1400,2019/11/17
4,3,4,エアダンルース,牡2,55,浜中 俊,37.8,514,0,大竹 正博,7,0,18.7,1.5,北,6,1400,2019/11/17
5,4,6,クールマキシマム,牝2,54,嘉藤 貴行,36.9,478,0,奥平 雅士,5,0,18.7,1.5,北,6,1400,2019/11/17
6,5,9,マルガイマイネルリベラル,牡2,55,柴田 大知,38.8,450,0,高橋 祥泰,12,0,18.7,1.5,北,6,1400,2019/11/17
7,2,2,セイショウパイロ,牡2,55,吉田 豊,37.5,466,0,本間 忍,8,0,18.7,1.5,北,6,1400,2019/11/17
8,7,12,パシスタ,牡2,55,宮崎 北斗,38.7,490,0,高橋 祥泰,6,0,18.7,1.5,北,6,1400,2019/11/17
9,3,5,アカリリチャード,牡2,55,田辺 裕信,37.2,472,0,上原 博之,9,0,18.7,1.5,北,6,1400,2019/11/17
10,2,3,ヘラクレスバローズ,牡2,55,石橋 脩,38.2,538,0,上村 洋行,10,0,18.7,1.5,北,6,1400,2019/11/17
11,8,14,マクラーレンベール,牡2,55,丸山 元気,38.2,502,0,勢司 和浩,4,0,18.7,1.5,北,6,1400,2019/11/17
12,8,15,モズナガレボシ,牡2,55,江田 照男,37.7,494,0,荒川 義之,13,0,18.7,1.5,北,6,1400,2019/11/17
13,4,7,クラウンララファル,牡2,53,△木幡 育也,39.1,462,0,田島 俊明,14,0,18.7,1.5,北,6,1400,2019/11/17
14,6,10,サンスーシティー,牡2,55,北村 宏司,38.6,480,0,新開 幸一,11,0,18.7,1.5,北,6,1400,2019/11/17
15,5,8,ビクトリアワールド,牡2,54,☆菊沢 一樹,38.5,428,0,小桧山 悟,15,0,18.7,1.5,北,6,1400,2019/11/17
1,7,9,シャインガーネット,牝2,54,田辺 裕信,33.6,460,8,栗田 徹,3,0,17.8,2.3,北北東,9,1600,2019/11/17
2,6,7,シンハリング,牝2,54,M.デムーロ,33.9,472,2,国枝 栄,1,0,17.8,2.3,北北東,9,1600,2019/11/17
3,4,4,ジェラペッシュ,牝2,54,吉田 豊,33.5,446,0,尾関 知人,4,0,17.8,2.3,北北東,9,1600,2019/11/17
4,8,11,チェーンオブラブ,牝2,54,三浦 皇成,33.3,468,6,小笠 倫弘,6,0,17.8,2.3,北北東,9,1600,2019/11/17
5,3,3,イズジョーノキセキ,牝2,54,岩田 康誠,34.1,440,-8,石坂 公一,2,0,17.8,2.3,北北東,9,1600,2019/11/17
6,2,2,セイウンヴィーナス,牝2,54,野中 悠太郎,34.1,438,-4,本間 忍,11,0,17.8,2.3,北北東,9,1600,2019/11/17
7,6,8,スマイルカナ,牝2,54,柴田 大知,34.1,412,-2,高橋 祥泰,8,0,17.8,2.3,北北東,9,1600,2019/11/17
8,8,12,ドナキアーロ,牝2,54,石橋 脩,34,456,2,牧浦 充徳,9,0,17.8,2.3,北北東,9,1600,2019/11/17
9,1,1,ビオグラフィー,牝2,54,北村 友一,34.6,462,0,藤岡 健一,7,0,17.8,2.3,北北東,9,1600,2019/11/17
10,5,5,フィオリキアリ,牝2,54,丸山 元気,34.1,440,0,清水 久詞,5,0,17.8,2.3,北北東,9,1600,2019/11/17
11,5,6,カイアワセ,牝2,54,武士沢 友治,34.8,444,6,星野 忍,12,0,17.8,2.3,北北東,9,1600,2019/11/17
12,7,10,スリリングドリーム,牝2,54,大野 拓弥,35.1,446,2,小野 次郎,10,0,17.8,2.3,北北東,9,1600,2019/11/17
1,6,11,ブレイキングバッド,牡2,55,津村 明秀,36.6,484,6,松山 将樹,3,0.5,11.4,1.8,北北西,1,1400,2019/11/23
2,4,8,ディヴィニティ,牝2,54,C.ルメール,36.7,538,-6,加藤 征弘,1,0.5,11.4,1.8,北北西,1,1400,2019/11/23
3,1,2,ヴィクトワールボス,牡2,55,三浦 皇成,36.4,502,2,岩戸 孝樹,2,0.5,11.4,1.8,北北西,1,1400,2019/11/23
4,8,15,インウィクトス,牡2,52,▲山田 敬士,37,444,2,小桧山 悟,6,0.5,11.4,1.8,北北西,1,1400,2019/11/23
5,5,10,エンフォーサー,牝2,54,松岡 正海,37.7,454,-4,伊藤 伸一,7,0.5,11.4,1.8,北北西,1,1400,2019/11/23
6,4,7,アカマツミッチー,牡2,55,石橋 脩,37.9,454,4,牧 光二,4,0.5,11.4,1.8,北北西,1,1400,2019/11/23
7,2,3,ケイティランボー,牡2,53,△木幡 育也,37.3,450,0,清水 英克,8,0.5,11.4,1.8,北北西,1,1400,2019/11/23
8,8,16,ゴラッソゴール,牡2,52,▲菅原 明良,37.9,462,12,武市 康男,9,0.5,11.4,1.8,北北西,1,1400,2019/11/23
9,7,13,エコロウィング,牡2,55,丸山 元気,38,448,6,深山 雅史,10,0.5,11.4,1.8,北北西,1,1400,2019/11/23
10,3,6,ラインキャンドル,牝2,53,☆武藤 雅,38.5,478,4,水野 貴広,11,0.5,11.4,1.8,北北西,1,1400,2019/11/23
11,7,14,ダイヤモンドリリー,牝2,51,▲藤田 菜七子,38.1,438,0,佐藤 吉勝,5,0.5,11.4,1.8,北北西,1,1400,2019/11/23
12,1,1,フレンドワールド,牝2,54,柴田 大知,38.1,432,-10,南田 美知雄,14,0.5,11.4,1.8,北北西,1,1400,2019/11/23
13,5,9,テイエムブロッコ,せん2,55,菅原 隆一,38.6,490,-4,石栗 龍彦,16,0.5,11.4,1.8,北北西,1,1400,2019/11/23
14,2,4,シンデレラサイズ,牝2,51,▲小林 凌大,39.1,418,2,加藤 和宏,13,0.5,11.4,1.8,北北西,1,1400,2019/11/23
15,3,5,ソイチーノ,牡2,55,杉原 誠人,37.7,512,16,中川 公成,15,0.5,11.4,1.8,北北西,1,1400,2019/11/23
16,6,12,トウキョウガール,牝2,54,武士沢 友治,41.4,426,4,星野 忍,12,0.5,11.4,1.8,北北西,1,1400,2019/11/23
1,6,12,メリディアンローグ,牡2,55,C.ルメール,35.6,460,0,藤沢 和雄,2,0.5,11.5,1.9,北北西,2,1600,2019/11/23
2,8,18,オシリスブレイン,牡2,55,R.ムーア,36,490,4,田村 康仁,1,0.5,11.5,1.9,北北西,2,1600,2019/11/23
3,3,5,クロノメーター,牡2,55,W.ビュイック,34.9,436,4,尾形 和幸,3,0.5,11.5,1.9,北北西,2,1600,2019/11/23
4,6,11,シーシーサザン,牝2,51,▲藤田 菜七子,35.3,442,2,武井 亮,4,0.5,11.5,1.9,北北西,2,1600,2019/11/23
5,3,6,トゥゲザーアゲイン,牡2,55,松岡 正海,35.9,444,2,伊藤 伸一,11,0.5,11.5,1.9,北北西,2,1600,2019/11/23
6,1,2,リネンミッション,牝2,54,丸田 恭介,36.8,426,-4,南田 美知雄,7,0.5,11.5,1.9,北北西,2,1600,2019/11/23
7,1,1,ユイノリオン,牡2,52,▲菅原 明良,36.5,438,10,尾関 知人,8,0.5,11.5,1.9,北北西,2,1600,2019/11/23
8,2,3,ドラゴンズバック,牡2,55,嘉藤 貴行,37.2,458,14,伊藤 伸一,13,0.5,11.5,1.9,北北西,2,1600,2019/11/23
9,2,4,エースインザハート,牡2,55,宮崎 北斗,36.8,448,2,高市 圭二,6,0.5,11.5,1.9,北北西,2,1600,2019/11/23
10,5,9,シラカワカツコ,牝2,51,▲山田 敬士,35.7,400,-4,伊藤 伸一,14,0.5,11.5,1.9,北北西,2,1600,2019/11/23
11,7,15,マイネルアルモニコ,牡2,55,柴田 大知,36.8,432,4,鹿戸 雄一,9,0.5,11.5,1.9,北北西,2,1600,2019/11/23
12,4,7,フォギーショコラ,牡2,55,石川 裕紀人,36.6,444,6,的場 均,12,0.5,11.5,1.9,北北西,2,1600,2019/11/23
13,4,8,アイルショウユー,牝2,54,大野 拓弥,36.4,430,0,岩戸 孝樹,5,0.5,11.5,1.9,北北西,2,1600,2019/11/23
14,8,16,ベルベストスター,牡2,54,☆菊沢 一樹,37.6,452,-4,菊沢 隆徳,10,0.5,11.5,1.9,北北西,2,1600,2019/11/23
15,7,14,コイツバメカツコ,牝2,54,木幡 初也,37.2,422,-2,黒岩 陽一,18,0.5,11.5,1.9,北北西,2,1600,2019/11/23
16,7,13,ミコキャビンクルー,牝2,54,丹内 祐次,37.5,456,-4,萱野 浩二,16,0.5,11.5,1.9,北北西,2,1600,2019/11/23
17,5,10,ウィズアウトナイン,牝2,54,武士沢 友治,37.5,482,4,小桧山 悟,15,0.5,11.5,1.9,北北西,2,1600,2019/11/23
18,8,17,レイワノサクラ,牝2,52,△木幡 育也,39,446,0,大江原 哲,17,0.5,11.5,1.9,北北西,2,1600,2019/11/23
1,3,4,ヴィアメント,牡2,55,L.デットーリ,36,482,2,鹿戸 雄一,2,0.5,11.6,1.9,北北西,3,1800,2019/11/23
2,4,5,ヴィクターバローズ,牡2,55,R.ムーア,36.3,470,6,堀 宣行,1,0.5,11.6,1.9,北北西,3,1800,2019/11/23
3,3,3,ヤシャマル,牡2,52,▲菅原 明良,36,480,4,尾形 和幸,7,0.5,11.6,1.9,北北西,3,1800,2019/11/23
4,5,8,ラザフォード,牝2,54,C.ルメール,36.4,454,-4,藤沢 和雄,5,0.5,11.6,1.9,北北西,3,1800,2019/11/23
5,8,13,シチリアフレイバー,牡2,55,田辺 裕信,36.2,468,0,久保田 貴士,4,0.5,11.6,1.9,北北西,3,1800,2019/11/23
6,5,7,ショウナンアクア,牡2,55,吉田 豊,36.3,470,-2,古賀 史生,11,0.5,11.6,1.9,北北西,3,1800,2019/11/23
7,4,6,ミスミルドレッド,牝2,54,M.デムーロ,37.4,440,0,小島 茂之,3,0.5,11.6,1.9,北北西,3,1800,2019/11/23
8,1,1,マルガイコスモクウ,牡2,55,柴田 大知,37,458,2,上原 博之,9,0.5,11.6,1.9,北北西,3,1800,2019/11/23
9,6,10,シャーレ,牝2,54,石橋 脩,36.8,444,-10,武市 康男,10,0.5,11.6,1.9,北北西,3,1800,2019/11/23
10,7,12,グレイスフルダンス,牝2,54,三浦 皇成,37.4,492,2,斎藤 誠,6,0.5,11.6,1.9,北北西,3,1800,2019/11/23
11,6,9,シェクロエ,牝2,54,丸山 元気,37.9,438,4,小野 次郎,8,0.5,11.6,1.9,北北西,3,1800,2019/11/23
12,8,14,ファイナルブション,牝2,54,丸田 恭介,37.2,438,2,青木 孝文,12,0.5,11.6,1.9,北北西,3,1800,2019/11/23
13,2,2,クロキシ,牝2,51,▲大塚 海渡,37.8,406,-4,和田 雄二,13,0.5,11.6,1.9,北北西,3,1800,2019/11/23
14,7,11,スタジアムロック,牡2,53,△木幡 育也,39.1,482,4,清水 英克,14,0.5,11.6,1.9,北北西,3,1800,2019/11/23
1,7,15,マルガイターキッシュパレス,牡2,55,W.ビュイック,36.4,484,0,昆 貢,3,0,12.2,1.6,北,5,1600,2019/11/23
2,8,18,カフェサンドリヨン,牝2,54,北村 宏司,36.2,476,0,古賀 慎明,8,0,12.2,1.6,北,5,1600,2019/11/23
3,3,6,ブロウンアウェイ,牝2,54,丸山 元気,37.5,434,0,田島 俊明,11,0,12.2,1.6,北,5,1600,2019/11/23
4,5,9,アイヅオイワケ,牝2,51,▲藤田 菜七子,37.1,412,0,武市 康男,9,0,12.2,1.6,北,5,1600,2019/11/23
5,7,14,リヴィエラボーイ,牡2,54,☆野中 悠太郎,37.4,456,0,松山 将樹,7,0,12.2,1.6,北,5,1600,2019/11/23
6,2,4,テクノポリス,牡2,55,田辺 裕信,37.4,492,0,宗像 義忠,4,0,12.2,1.6,北,5,1600,2019/11/23
7,1,1,ビオロンスコッツ,牡2,52,▲山田 敬士,36.8,458,0,高橋 裕,14,0,12.2,1.6,北,5,1600,2019/11/23
8,8,17,ミッキーカクタス,牡2,55,横山 典弘,36.9,450,0,萩原 清,6,0,12.2,1.6,北,5,1600,2019/11/23
9,1,2,ヌンシーズ,牡2,55,勝浦 正樹,36.7,424,0,清水 英克,13,0,12.2,1.6,北,5,1600,2019/11/23
10,4,8,フォギーデイ,牝2,53,☆武藤 雅,36.5,450,0,水野 貴広,5,0,12.2,1.6,北,5,1600,2019/11/23
11,4,7,ダンスグルーヴィ,牝2,54,C.ルメール,37,454,0,大竹 正博,1,0,12.2,1.6,北,5,1600,2019/11/23
12,5,10,アドマイヤグルス,牡2,55,北村 友一,37.2,510,0,上原 博之,2,0,12.2,1.6,北,5,1600,2019/11/23
13,3,5,ネイチャーゴールド,牡2,55,武士沢 友治,37,488,0,根本 康広,10,0,12.2,1.6,北,5,1600,2019/11/23
14,7,13,グランドホース,牡2,55,宮崎 北斗,38.4,484,0,伊藤 伸一,18,0,12.2,1.6,北,5,1600,2019/11/23
15,2,3,プラトフエルテ,牝2,51,▲菅原 明良,38.2,434,0,武市 康男,12,0,12.2,1.6,北,5,1600,2019/11/23
16,6,11,マルガイファーストカム,牝2,54,丹内 祐次,37.2,456,0,菊川 正達,15,0,12.2,1.6,北,5,1600,2019/11/23
17,8,16,サンメリデン,牝2,54,横山 和生,36.8,398,0,清水 英克,17,0,12.2,1.6,北,5,1600,2019/11/23
18,6,12,ムーランアジュール,牝2,54,柴田 善臣,38.4,456,0,小桧山 悟,16,0,12.2,1.6,北,5,1600,2019/11/23
1,4,8,アスターコルネット,牡2,55,古川 吉洋,37.3,486,0,南井 克巳,1,0.5,12.1,1.5,北,6,1600,2019/11/23
2,3,5,マルガイグーガルドリームズ,牡2,55,松岡 正海,37.4,502,0,伊藤 伸一,3,0.5,12.1,1.5,北,6,1600,2019/11/23
3,2,3,リュードマン,牡2,55,大野 拓弥,37.6,468,0,中川 公成,4,0.5,12.1,1.5,北,6,1600,2019/11/23
4,6,12,マルガイコスモコンクエスト,牡2,55,丹内 祐次,37,508,0,宗像 義忠,9,0.5,12.1,1.5,北,6,1600,2019/11/23
5,4,7,タイセイレジーナ,牝2,54,北村 宏司,38.4,484,0,高橋 裕,2,0.5,12.1,1.5,北,6,1600,2019/11/23
6,6,11,マイネルグランサム,牡2,55,柴田 大知,37.8,450,0,奥村 武,10,0.5,12.1,1.5,北,6,1600,2019/11/23
7,5,10,ナックジーニアス,牡2,55,丸田 恭介,36.8,520,0,宗像 義忠,14,0.5,12.1,1.5,北,6,1600,2019/11/23
8,1,2,ノーブルフェアリー,牝2,54,勝浦 正樹,37.5,478,0,水野 貴広,12,0.5,12.1,1.5,北,6,1600,2019/11/23
9,3,6,タイキグロワール,牡2,55,丸山 元気,38.3,484,0,矢野 英一,5,0.5,12.1,1.5,北,6,1600,2019/11/23
10,1,1,マルガイアトランタテソーロ,牡2,54,☆武藤 雅,38.2,540,0,斎藤 誠,6,0.5,12.1,1.5,北,6,1600,2019/11/23
11,8,16,モアナグレイス,牝2,51,▲大塚 海渡,37.2,418,0,和田 雄二,15,0.5,12.1,1.5,北,6,1600,2019/11/23
12,7,14,サンバトルクリーク,牝2,53,☆野中 悠太郎,40.4,480,0,蛯名 利弘,8,0.5,12.1,1.5,北,6,1600,2019/11/23
13,8,15,クンクンクン,牝2,54,岩部 純二,38,446,0,加藤 和宏,13,0.5,12.1,1.5,北,6,1600,2019/11/23
14,2,4,ムーンセレナーデ,牡2,52,▲山田 敬士,39.7,494,0,小桧山 悟,16,0.5,12.1,1.5,北,6,1600,2019/11/23
15,7,13,トーセンレオーネ,牡2,55,横山 和生,39.2,480,0,土田 稔,11,0.5,12.1,1.5,北,6,1600,2019/11/23
16,5,9,キズナビーム,牡2,55,石川 裕紀人,43.8,534,0,鈴木 伸尋,7,0.5,12.1,1.5,北,6,1600,2019/11/23
1,2,3,デュードヴァン,牡2,55,L.デットーリ,36.6,476,6,加藤 征弘,1,0.5,12.3,1.7,北北西,9,1600,2019/11/23
2,7,13,ショウナンマリオ,牡2,55,菅原 明良,36.1,468,12,加藤 士津八,10,0.5,12.3,1.7,北北西,9,1600,2019/11/23
3,5,10,ダイメイコリーダ,牡2,55,松岡 正海,37.3,468,4,森田 直行,7,0.5,12.3,1.7,北北西,9,1600,2019/11/23
4,1,1,マルガイオーロラテソーロ,牡2,55,大野 拓弥,37.6,488,4,畠山 吉宏,5,0.5,12.3,1.7,北北西,9,1600,2019/11/23
5,8,16,ダノンファラオ,牡2,55,三浦 皇成,37.6,518,-4,矢作 芳人,3,0.5,12.3,1.7,北北西,9,1600,2019/11/23
6,3,5,ラブリーエンジェル,牝2,54,武士沢 友治,36.7,436,4,堀井 雅広,14,0.5,12.3,1.7,北北西,9,1600,2019/11/23
7,8,15,キョウエイゴー,牡2,55,丸山 元気,36.8,496,0,萱野 浩二,8,0.5,12.3,1.7,北北西,9,1600,2019/11/23
8,3,6,タイキルークス,牡2,55,菊沢 一樹,37.4,512,2,菊沢 隆徳,13,0.5,12.3,1.7,北北西,9,1600,2019/11/23
9,2,4,コスモインペリウム,牡2,55,柴田 大知,36.9,514,12,和田 雄二,9,0.5,12.3,1.7,北北西,9,1600,2019/11/23
10,6,12,アスターマリンバ,牡2,55,R.ムーア,38.1,514,-6,中竹 和也,6,0.5,12.3,1.7,北北西,9,1600,2019/11/23
11,7,14,トーセンタイミング,牡2,55,横山 和生,37.2,460,-4,土田 稔,15,0.5,12.3,1.7,北北西,9,1600,2019/11/23
12,5,9,マルガイセラン,牝2,54,横山 典弘,38.9,482,-6,松永 幹夫,2,0.5,12.3,1.7,北北西,9,1600,2019/11/23
13,4,7,アメリカンベイビー,牡2,55,M.デムーロ,38.8,476,10,庄野 靖志,4,0.5,12.3,1.7,北北西,9,1600,2019/11/23
14,6,11,ハルプモント,牡2,55,北村 宏司,36.9,480,-6,池上 昌和,16,0.5,12.3,1.7,北北西,9,1600,2019/11/23
15,1,2,マルガイクレパト,牝2,54,坂井 瑠星,39.4,460,-6,矢作 芳人,12,0.5,12.3,1.7,北北西,9,1600,2019/11/23
16,4,8,マティアス,牡2,55,津村 明秀,42.7,474,0,本田 優,11,0.5,12.3,1.7,北北西,9,1600,2019/11/23
1,1,1,セイウンパワフル,牡2,55,L.デットーリ,37,478,0,斎藤 誠,1,0,17.1,1.7,北西,1,1400,2019/11/24
2,1,2,タイキスウォード,牡2,54,☆菊沢 一樹,37.3,446,12,高橋 祥泰,3,0,17.1,1.7,北西,1,1400,2019/11/24
3,2,4,シェーネメロディ,牝2,54,C.ルメール,37.7,466,2,伊藤 大士,4,0,17.1,1.7,北西,1,1400,2019/11/24
4,8,18,ダイワリチャード,牡2,55,O.マーフィー,37.3,448,2,上原 博之,6,0,17.1,1.7,北西,1,1400,2019/11/24
5,4,7,サクラマス,牝2,54,北村 宏司,37.7,420,2,勢司 和浩,16,0,17.1,1.7,北西,1,1400,2019/11/24
6,8,16,ミツカネプリンス,牡2,55,津村 明秀,38,450,2,鈴木 伸尋,11,0,17.1,1.7,北西,1,1400,2019/11/24
7,5,10,プラットフォーマー,牝2,54,M.デムーロ,38.2,438,2,矢野 英一,7,0,17.1,1.7,北西,1,1400,2019/11/24
8,4,8,マイネルピカソ,牡2,55,柴田 大知,38.8,448,0,中野 栄治,15,0,17.1,1.7,北西,1,1400,2019/11/24
9,5,9,スノージュエリー,牝2,51,▲藤田 菜七子,37.6,446,4,根本 康広,8,0,17.1,1.7,北西,1,1400,2019/11/24
10,7,15,メイクアウィッシュ,牝2,54,岩田 康誠,37.8,436,-2,栗田 徹,2,0,17.1,1.7,北西,1,1400,2019/11/24
11,2,3,ペイシャフェアリー,牝2,51,▲山田 敬士,39.2,456,-4,高橋 裕,9,0,17.1,1.7,北西,1,1400,2019/11/24
12,8,17,サツキオーゴン,牝2,54,横山 和生,38.4,418,-4,石栗 龍彦,18,0,17.1,1.7,北西,1,1400,2019/11/24
13,3,6,スリジエ,牝2,54,武 豊,37.4,468,-2,奥村 武,5,0,17.1,1.7,北西,1,1400,2019/11/24
14,7,13,ヴォーグロックユー,牡2,55,江田 照男,39.2,480,4,牧 光二,12,0,17.1,1.7,北西,1,1400,2019/11/24
15,7,14,ヤエノロータス,牡2,52,▲小林 凌大,38.6,464,-6,天間 昭一,14,0,17.1,1.7,北西,1,1400,2019/11/24
16,3,5,クラウンコジーン,牡2,55,石川 裕紀人,38.3,442,0,蛯名 利弘,10,0,17.1,1.7,北西,1,1400,2019/11/24
17,6,12,ヨネンサンクミ,牝2,51,▲菅原 明良,38.2,420,0,佐藤 吉勝,13,0,17.1,1.7,北西,1,1400,2019/11/24
18,6,11,ロングヘア,牝2,54,嘉藤 貴行,39.3,476,-2,加藤 和宏,17,0,17.1,1.7,北西,1,1400,2019/11/24
1,5,10,バイシュラバナ,牡2,55,田辺 裕信,37.5,464,-2,久保田 貴士,2,0,18.3,1.4,北西,2,1600,2019/11/24
2,5,9,アドマイヤルプス,牡2,55,C.ルメール,37.4,552,2,加藤 征弘,3,0,18.3,1.4,北西,2,1600,2019/11/24
3,2,4,ファイブリーフ,牡2,55,O.マーフィー,37.6,506,6,岩戸 孝樹,1,0,18.3,1.4,北西,2,1600,2019/11/24
4,7,14,エンジョイ,牝2,52,△木幡 育也,37.2,452,0,田村 康仁,10,0,18.3,1.4,北西,2,1600,2019/11/24
5,6,12,ルナエクリプス,牡2,55,石橋 脩,37.6,516,10,田村 康仁,7,0,18.3,1.4,北西,2,1600,2019/11/24
6,1,1,ワンモアエフォート,牡2,52,▲大塚 海渡,39.3,484,2,勢司 和浩,5,0,18.3,1.4,北西,2,1600,2019/11/24
7,7,13,マルガイアウティスタ,牝2,54,柴田 大知,37.3,456,6,水野 貴広,15,0,18.3,1.4,北西,2,1600,2019/11/24
8,3,5,リュウノチョッパー,牡2,52,▲山田 敬士,38.3,468,-2,伊藤 伸一,9,0,18.3,1.4,北西,2,1600,2019/11/24
9,8,15,マルガイキンバリープロセス,牡2,55,W.ビュイック,38,504,0,手塚 貴久,4,0,18.3,1.4,北西,2,1600,2019/11/24
10,4,7,センノベステス,牡2,55,横山 和生,39,478,2,南田 美知雄,12,0,18.3,1.4,北西,2,1600,2019/11/24
11,2,3,トーセンマイベスト,牡2,55,丸山 元気,40.1,472,10,上原 博之,8,0,18.3,1.4,北西,2,1600,2019/11/24
12,6,11,イズジョールーラー,牡2,55,柴田 善臣,39.5,426,4,本間 忍,13,0,18.3,1.4,北西,2,1600,2019/11/24
13,3,6,マルガイジュフォン,牡2,55,岩田 康誠,40.1,496,2,和田 正一郎,6,0,18.3,1.4,北西,2,1600,2019/11/24
14,4,8,アポロバレッタ,牝2,54,吉田 豊,38.7,468,6,矢野 英一,11,0,18.3,1.4,北西,2,1600,2019/11/24
15,8,16,シゲルカメレオンザ,牡2,55,江田 照男,38.6,470,4,和田 勇介,16,0,18.3,1.4,北西,2,1600,2019/11/24
16,1,2,ウェリナ,牝2,52,△岩田 望来,40.9,476,-2,中舘 英二,14,0,18.3,1.4,北西,2,1600,2019/11/24
1,6,6,マイネルミンドール,牡2,55,石川 裕紀人,35.7,442,-2,相沢 郁,6,0,19,1.5,北北西,3,2000,2019/11/24
2,5,5,ロードオマージュ,牡2,55,R.ムーア,35.5,480,2,尾形 和幸,1,0,19,1.5,北北西,3,2000,2019/11/24
3,8,9,ドリームメッセージ,牡2,55,丸山 元気,35.7,442,10,中川 公成,3,0,19,1.5,北北西,3,2000,2019/11/24
4,7,8,ナンヨーユウヤク,牡2,55,C.ルメール,35.9,484,2,杉浦 宏昭,4,0,19,1.5,北北西,3,2000,2019/11/24
5,2,2,ダイワストレート,牡2,55,北村 宏司,36.7,468,0,宗像 義忠,7,0,19,1.5,北北西,3,2000,2019/11/24
6,3,3,エブリワンブラック,牡2,55,武 豊,36.4,500,4,武 幸四郎,2,0,19,1.5,北北西,3,2000,2019/11/24
7,1,1,ランサムトラップ,牝2,51,▲藤田 菜七子,36.5,416,2,根本 康広,8,0,19,1.5,北北西,3,2000,2019/11/24
8,4,4,ゲンパチヴィガ,牡2,55,岩部 純二,36.6,454,-8,萱野 浩二,9,0,19,1.5,北北西,3,2000,2019/11/24
9,7,7,トーセンアーリー,牡2,55,L.デットーリ,37.1,514,-2,小桧山 悟,5,0,19,1.5,北北西,3,2000,2019/11/24
10,8,10,ワイルドブリット,牡2,55,武士沢 友治,38.5,438,2,根本 康広,10,0,19,1.5,北北西,3,2000,2019/11/24
1,2,4,バルトリ,牝2,54,C.ルメール,35.6,430,0,藤沢 和雄,4,0,20,1.2,北,5,1800,2019/11/24
2,5,10,ダノンセレスタ,牡2,55,L.デットーリ,35.9,488,0,音無 秀孝,3,0,20,1.2,北,5,1800,2019/11/24
3,4,8,スカイテラス,牡2,55,石川 裕紀人,37.5,454,0,和田 正一郎,12,0,20,1.2,北,5,1800,2019/11/24
4,4,7,モーソンピーク,牡2,55,W.ビュイック,37.1,488,0,国枝 栄,2,0,20,1.2,北,5,1800,2019/11/24
5,8,15,ソードライン,牡2,55,R.ムーア,36.9,496,0,堀 宣行,1,0,20,1.2,北,5,1800,2019/11/24
6,3,6,ネオアマゾネス,牝2,54,岩田 康誠,37.1,474,0,久保田 貴士,8,0,20,1.2,北,5,1800,2019/11/24
7,3,5,ゴールドゴールデン,牡2,55,横山 和生,36.6,458,0,藤原 辰雄,10,0,20,1.2,北,5,1800,2019/11/24
8,1,2,セイウンクルーズ,牡2,54,☆武藤 雅,36.9,536,0,武藤 善則,9,0,20,1.2,北,5,1800,2019/11/24
9,1,1,ベルウッドアサヒ,牡2,52,▲菅原 明良,36.8,450,0,武市 康男,14,0,20,1.2,北,5,1800,2019/11/24
10,6,11,ネイチャーローズ,牡2,52,▲藤田 菜七子,37.5,456,0,根本 康広,11,0,20,1.2,北,5,1800,2019/11/24
11,2,3,ルカ,牡2,55,O.マーフィー,37.9,488,0,戸田 博文,6,0,20,1.2,北,5,1800,2019/11/24
12,6,12,テンチシンメイ,牡2,55,石橋 脩,38.8,502,0,小笠 倫弘,7,0,20,1.2,北,5,1800,2019/11/24
13,7,14,フレンドリースカイ,牡2,55,木幡 初也,37.9,472,0,矢野 英一,15,0,20,1.2,北,5,1800,2019/11/24
14,7,13,タマモイチバンボシ,牡2,55,松若 風馬,38.8,466,0,中竹 和也,13,0,20,1.2,北,5,1800,2019/11/24
15,5,9,スワーヴシールズ,牡2,55,横山 典弘,40.8,492,0,昆 貢,5,0,20,1.2,北,5,1800,2019/11/24
16,8,16,スリーハーバー,牡2,53,△木幡 育也,42.8,496,0,柄崎 孝,16,0,20,1.2,北,5,1800,2019/11/24
1,6,6,ミアマンテ,牝2,54,C.ルメール,35.1,422,4,木村 哲也,1,0,20.4,1.7,北北東,7,1600,2019/11/24
2,1,1,ジュンライトボルト,牡2,55,C.スミヨン,35.8,458,8,友道 康夫,2,0,20.4,1.7,北北東,7,1600,2019/11/24
3,3,3,アオイクレアトール,牡2,55,武 豊,35.8,462,-6,古賀 慎明,5,0,20.4,1.7,北北東,7,1600,2019/11/24
4,2,2,ワンスカイ,牡2,55,W.ビュイック,36,488,8,斎藤 誠,6,0,20.4,1.7,北北東,7,1600,2019/11/24
5,5,5,レッドライデン,牡2,55,O.マーフィー,36.9,478,6,鹿戸 雄一,3,0,20.4,1.7,北北東,7,1600,2019/11/24
6,7,7,ラッシュアップ,牡2,55,L.デットーリ,37.8,532,6,金成 貴史,4,0,20.4,1.7,北北東,7,1600,2019/11/24
7,4,4,タイムマシン,牡2,55,田辺 裕信,37.3,442,2,手塚 貴久,7,0,20.4,1.7,北北東,7,1600,2019/11/24